,Organization_Name,Product_Code,Name_Product,Part_Number,Approval_Code,Approval_Date,ORG_NABREV_FAB_PROD
0,AEROMOT AERONAVES E MOTORES S/A,4939,Pastilha de Freio,AM-110121-32-13000,2024P12-01A,2025-08-27,AEROMOT
1,EMBRAER DIVISÃO EQUIPAMENTOS - EDE,579,Amortecedor,2119-0001-001,2000P06-05,2000-07-06,EMBRAER EDE
2,EMBRAER DIVISÃO EQUIPAMENTOS - EDE,581,Atuador de Porta,2106-2001-001,2000P06-02,2000-07-06,EMBRAER EDE
3,EMBRAER DIVISÃO EQUIPAMENTOS - EDE,583,Atuador Hidráulico,2106-0500-001,2000P06-01,2000-07-06,EMBRAER EDE
4,EMBRAER DIVISÃO EQUIPAMENTOS - EDE,584,Atuador Hidráulico,2108-0050-003,2000P06-03,2000-07-06,EMBRAER EDE
5,EMBRAER DIVISÃO EQUIPAMENTOS - EDE,585,Atuador Hidráulico,2114-0001-001,2000P06-12,2000-07-06,EMBRAER EDE
6,EMBRAER DIVISÃO EQUIPAMENTOS - EDE,586,Atuador Hidráulico,2118-0100-401,2000P06-04,2000-07-06,EMBRAER EDE
7,EMBRAER DIVISÃO EQUIPAMENTOS - EDE,588,Atuador Hidráulico,2309-3700-503,2006P11-03,2006-11-13,EMBRAER EDE
8,EMBRAER DIVISÃO EQUIPAMENTOS - EDE,595,Relé de Proteção,2903-0002-001,2000P06-11,2000-07-06,EMBRAER EDE
9,EMBRAER DIVISÃO EQUIPAMENTOS - EDE,599,Válvula de Alívio,2228-0001-005,2000P06-08,2000-07-06,EMBRAER EDE
10,EMBRAER DIVISÃO EQUIPAMENTOS - EDE,600,Válvula de Corte,2226-0001-007,2000P06-06,2000-07-06,EMBRAER EDE
11,EMBRAER DIVISÃO EQUIPAMENTOS - EDE,601,Válvula de Sangria,2238-0001-001,2000P06-10,2000-07-06,EMBRAER EDE
12,EMBRAER DIVISÃO EQUIPAMENTOS - EDE,602,Válvula Unidirecional ,2241-0001-001,2006P11-05,2006-11-13,EMBRAER EDE
13,EMBRAER DIVISÃO EQUIPAMENTOS - EDE,603,Válvula Unidirecional,2241-0020-001,2006P11-06,2006-11-13,EMBRAER EDE
14,EMBRAER DIVISÃO EQUIPAMENTOS - EDE,606,Válvula Restritora,2237-0100-001,2000P06-09,2000-07-06,EMBRAER EDE
15,EMBRAER DIVISÃO EQUIPAMENTOS - EDE,609,Válvula Solenoide,2225-0001-001,2000P06-13,2000-07-06,EMBRAER EDE
16,EMBRAER DIVISÃO EQUIPAMENTOS - EDE,610,Válvula Solenoide,2227-0001-003,2000P06-14,2000-07-06,EMBRAER EDE
17,EMBRAER DIVISÃO EQUIPAMENTOS - EDE,611,Válvula Solenoide,2227-0100-001,2000P06-07,2000-07-06,EMBRAER EDE
18,EMBRAER DIVISÃO EQUIPAMENTOS - EDE,2790,Acumulador,2704-0001-003,2006P11-01,2006-11-13,EMBRAER EDE
19,EMBRAER DIVISÃO EQUIPAMENTOS - EDE,2792,Válvula de Alívio ,2214-0100-401,2006P11-04,2006-11-13,EMBRAER EDE
20,EMBRAER DIVISÃO EQUIPAMENTOS - EDE,2793,Atuador Hidráulico,2309-2700-505,2006P11-02,2006-11-13,EMBRAER EDE
21,EMBRAER DIVISÃO EQUIPAMENTOS - EDE,3425,"Válvula Solenóide 4 vias, 2 pos",2225-0100-003,2007P09-02,2007-09-18,EMBRAER EDE
22,EMBRAER DIVISÃO EQUIPAMENTOS - EDE,3426,Haste Travamento Principal - Conjunto,2309-2500-505,2007P09-01,2007-09-18,EMBRAER EDE
23,EMBRAER DIVISÃO EQUIPAMENTOS - EDE,3486,Perna de Força - Conjunto,2309-2002-521 e 522,2007P09-03,2007-09-18,EMBRAER EDE
24,RITTER CONSULTORIA E PROJETOS LTDA.,4336,Conjunto Flex Aeromédico,RTR-FLEX-XX-YY-ZZ ,2011P10-01A,2012-06-28,RITTER
25,RITTER CONSULTORIA E PROJETOS LTDA.,4549,Kit Universal de Imageamento para Helicópteros ,AM AS350-00,2013P12-01,2013-12-12,RITTER
26,RITTER CONSULTORIA E PROJETOS LTDA.,4565,Conjunto Maca/Suporte/Sistemas tipo Transporte Inter-Hospitalar,HELI-FLEX-XX-YY,2013P06-01,2013-06-25,RITTER
27,RITTER CONSULTORIA E PROJETOS LTDA.,4569,Conjunto Maca/Suporte/Sistema tipo transporte hospitalar,MEDEVAC-G3-03-02,2014P05-01,2014-05-09,RITTER
28,AGS AEROHOSES INDÚSTRIA AERONÁUTICA COMÉRCIO E REPRESENTAÇÕES LTDA.,633,Mangueira - TSO C75,-,2006P02-02,2006-02-06,AGS
29,AGS AEROHOSES INDÚSTRIA AERONÁUTICA COMÉRCIO E REPRESENTAÇÕES LTDA.,642,Mangueira - TSO C75,-,2006P02-19,2006-02-06,AGS
30,AGS AEROHOSES INDÚSTRIA AERONÁUTICA COMÉRCIO E REPRESENTAÇÕES LTDA.,643,Mangueira - TSO C75,-,2006P02-20,2006-02-06,AGS
31,AGS AEROHOSES INDÚSTRIA AERONÁUTICA COMÉRCIO E REPRESENTAÇÕES LTDA.,644,Mangueira - TSO C75,-,2006P02-21,2006-02-06,AGS
32,AGS AEROHOSES INDÚSTRIA AERONÁUTICA COMÉRCIO E REPRESENTAÇÕES LTDA.,645,Mangueira - TSO C75,-,2006P02-18,2006-02-06,AGS
33,AGS AEROHOSES INDÚSTRIA AERONÁUTICA COMÉRCIO E REPRESENTAÇÕES LTDA.,646,Mangueira - TSO C75,-,2006P02-22,2006-02-06,AGS
34,AGS AEROHOSES INDÚSTRIA AERONÁUTICA COMÉRCIO E REPRESENTAÇÕES LTDA.,2821,Mangueira - TSO C75,-,2006P02-06,2006-02-06,AGS
35,AGS AEROHOSES INDÚSTRIA AERONÁUTICA COMÉRCIO E REPRESENTAÇÕES LTDA.,2822,Mangueira - TSO C75,-,2006P02-08,2006-02-06,AGS
36,AGS AEROHOSES INDÚSTRIA AERONÁUTICA COMÉRCIO E REPRESENTAÇÕES LTDA.,2823,Mangueira - TSO C75,-,2006P02-10,2006-02-06,AGS
37,AGS AEROHOSES INDÚSTRIA AERONÁUTICA COMÉRCIO E REPRESENTAÇÕES LTDA.,2824,Mangueira - TSO C75,-,2006P02-23,2006-02-06,AGS
38,AGS AEROHOSES INDÚSTRIA AERONÁUTICA COMÉRCIO E REPRESENTAÇÕES LTDA.,2826,Mangueira - TSO C75,-,2006P02-12,2006-02-06,AGS
39,AGS AEROHOSES INDÚSTRIA AERONÁUTICA COMÉRCIO E REPRESENTAÇÕES LTDA.,2827,Mangueira - TSO C75,-,2006P02-14,2006-02-06,AGS
40,AGS AEROHOSES INDÚSTRIA AERONÁUTICA COMÉRCIO E REPRESENTAÇÕES LTDA.,2828,Mangueira - TSO C75,-,2006P02-16,2006-02-06,AGS
41,AGS AEROHOSES INDÚSTRIA AERONÁUTICA COMÉRCIO E REPRESENTAÇÕES LTDA.,2829,Mangueira - TSO C53a,-,2006P02-01,2006-02-06,AGS
42,AGS AEROHOSES INDÚSTRIA AERONÁUTICA COMÉRCIO E REPRESENTAÇÕES LTDA.,2830,Mangueira - TSO C75,-,2006P02-04,2006-02-06,AGS
43,AGS AEROHOSES INDÚSTRIA AERONÁUTICA COMÉRCIO E REPRESENTAÇÕES LTDA.,2831,Mangueira - TSO C53a,-,2006P02-03,2006-02-06,AGS
44,AGS AEROHOSES INDÚSTRIA AERONÁUTICA COMÉRCIO E REPRESENTAÇÕES LTDA.,2832,Mangueira - TSO C53a,-,2006P02-05,2006-02-06,AGS
45,AGS AEROHOSES INDÚSTRIA AERONÁUTICA COMÉRCIO E REPRESENTAÇÕES LTDA.,2833,Mangueira - TSO C53a,-,2006P02-07,2006-02-06,AGS
46,AGS AEROHOSES INDÚSTRIA AERONÁUTICA COMÉRCIO E REPRESENTAÇÕES LTDA.,2834,Mangueira - TSO C53a,-,2006P02-09,2006-02-06,AGS
47,AGS AEROHOSES INDÚSTRIA AERONÁUTICA COMÉRCIO E REPRESENTAÇÕES LTDA.,2835,Mangueira - TSO C53a,-,2006P02-11,2006-02-06,AGS
48,AGS AEROHOSES INDÚSTRIA AERONÁUTICA COMÉRCIO E REPRESENTAÇÕES LTDA.,2836,Mangueira - TSO C53a,-,2006P02-13,2006-02-06,AGS
49,AGS AEROHOSES INDÚSTRIA AERONÁUTICA COMÉRCIO E REPRESENTAÇÕES LTDA.,2837,Mangueira - TSO C53a,-,2006P02-15,2006-02-06,AGS
50,AGS AEROHOSES INDÚSTRIA AERONÁUTICA COMÉRCIO E REPRESENTAÇÕES LTDA.,2838,Mangueira - TSO C75,-,2006P02-17,2006-02-06,AGS
51,VERTICAL DO PONTO INDUSTRIA E COMÉRCIO DE PARAQUEDAS LTDA&#8203.,4951,Conjunto de paraquedas reserva de harness duplo,VP-300-1 VP-300-2 & VP-300-4,2024P12-01A,2025-08-07,VERTICAL DO PONTO
52,GOODYEAR DO BRASIL PRODUTOS DE BORRACHA LTDA.,21,Aircraft Tire 15x6.0-6 6PR,156E66-4,,,GOODYEAR BRASIL
53,GOODYEAR DO BRASIL PRODUTOS DE BORRACHA LTDA.,22,Aircraft Tire 15x6.0-6 6PR,156E66B1,,,GOODYEAR BRASIL
54,GOODYEAR DO BRASIL PRODUTOS DE BORRACHA LTDA.,23,Aircraft Tire 17.5x6.25-6 10 PR,175K08B1,,,GOODYEAR BRASIL
55,GOODYEAR DO BRASIL PRODUTOS DE BORRACHA LTDA.,24,Aircraft Tire 17.5x6.25-6 8 PR,175K88B1,,,GOODYEAR BRASIL
56,GOODYEAR DO BRASIL PRODUTOS DE BORRACHA LTDA.,28,Aircraft Tire 25.75x6.75-14 14 PR,256K43-3,,,GOODYEAR BRASIL
57,GOODYEAR DO BRASIL PRODUTOS DE BORRACHA LTDA.,30,Aircraft Tire 31x9.75-14 12 PR,318K28-1,,,GOODYEAR BRASIL
58,GOODYEAR DO BRASIL PRODUTOS DE BORRACHA LTDA.,31,Aircraft Tire 32x8.8,328F43G1,,,GOODYEAR BRASIL
59,GOODYEAR DO BRASIL PRODUTOS DE BORRACHA LTDA.,32,Aircraft Tire 6.00-6 4PR,606C41B1,,,GOODYEAR BRASIL
60,GOODYEAR DO BRASIL PRODUTOS DE BORRACHA LTDA.,33,Aircraft Tire 6.00-6 4PR TT,606C46-6,,,GOODYEAR BRASIL
61,GOODYEAR DO BRASIL PRODUTOS DE BORRACHA LTDA.,34,Aircraft Tire 6.00-6 6PR,606C61B1,,,GOODYEAR BRASIL
62,GOODYEAR DO BRASIL PRODUTOS DE BORRACHA LTDA.,35,Aircraft Tire 6.00-6 6PR TT,606C66-8,,,GOODYEAR BRASIL
63,GOODYEAR DO BRASIL PRODUTOS DE BORRACHA LTDA.,36,Aircraft Tire 6.00-6 8PR Tl,606T86-3,,,GOODYEAR BRASIL
64,GOODYEAR DO BRASIL PRODUTOS DE BORRACHA LTDA.,37,Aircraft Tire 6.00-6 8PR TT,606C86-6,,,GOODYEAR BRASIL
65,GOODYEAR DO BRASIL PRODUTOS DE BORRACHA LTDA.,38,Aircraft Tire 6.00x6 8 PR,606C81B1,,,GOODYEAR BRASIL
66,GOODYEAR DO BRASIL PRODUTOS DE BORRACHA LTDA.,39,Aircraft Tire 7.00-6 6 PR,706C61B1,,,GOODYEAR BRASIL
67,GOODYEAR DO BRASIL PRODUTOS DE BORRACHA LTDA.,40,Aircraft Tire 7.00-6 6PR TT,706C66-3,,,GOODYEAR BRASIL
68,GOODYEAR DO BRASIL PRODUTOS DE BORRACHA LTDA.,41,Aircraft Tire 7.00-6 8PR TT,706C86-3,,,GOODYEAR BRASIL
69,GOODYEAR DO BRASIL PRODUTOS DE BORRACHA LTDA.,42,Aircraft Tire 8.00-6 6 PR,806C61B1,,,GOODYEAR BRASIL
70,GOODYEAR DO BRASIL PRODUTOS DE BORRACHA LTDA.,43,Aircraft Tire 8.00-6 8 PR,806C81B1,,,GOODYEAR BRASIL
71,GOODYEAR DO BRASIL PRODUTOS DE BORRACHA LTDA.,44,Aircraft Tire 8.90-12.50 6 PR,892C66B1,,,GOODYEAR BRASIL
72,GOODYEAR DO BRASIL PRODUTOS DE BORRACHA LTDA.,45,Aircraft Tire H.29x9.0-15 16PR,299K63-1,,,GOODYEAR BRASIL
73,GOODYEAR DO BRASIL PRODUTOS DE BORRACHA LTDA.,2796,Pneu com Câmara Tamanho 5.00-5 10PR 120MPH,505C01-2,,,GOODYEAR BRASIL
74,GOODYEAR DO BRASIL PRODUTOS DE BORRACHA LTDA.,2797,Pneu com Câmara Tamanho 5.00-5 6PR 120MPH,505C61-8,,,GOODYEAR BRASIL
75,GOODYEAR DO BRASIL PRODUTOS DE BORRACHA LTDA.,2798,Pneu com Câmara Tamanho 5.00-5 4PR 120MPH,505C41-4,,,GOODYEAR BRASIL
76,GOODYEAR DO BRASIL PRODUTOS DE BORRACHA LTDA.,3248,Pneu Convencional sem Câmara,362K82-1,,,GOODYEAR BRASIL
77,GOODYEAR DO BRASIL PRODUTOS DE BORRACHA LTDA.,3303,Pneu sem Camara 15 x 6.0-6 10 PR,156E06B1,,,GOODYEAR BRASIL
78,ACK TECHNOLOGIES INC.,4489,E-04 ELT - Emergency Locator Transmitter - 406/121.5 MHz ELT Type AF,E-04,,,ACK
79,ACK TECHNOLOGIES INC.,4490,E-04 ELT - Emergency Locator Transmitter - Lithium Battery Pack,E-04.0,,,ACK
80,ACK TECHNOLOGIES INC.,4491,E-04 ELT - Emergency Locator Transmitter - Whip Antenna,E-04.8,,,ACK
81,ACR ELETRONICS INC.,4743,Emergency Locator Transmitter (ELT) ELT 345 ,A3-06-2880 ,,,ACR
82,AÉRAZUR,1411,Life Preserver,21620( )-( ),,,AÉRAZUR
83,AERO SEATING TECHNOLOGIES,4531,SINGLE LH SIDE FACING DIVAN,70711-11-(XXX)-(YY) ,,,AERO SEATING
84,AERO SEATING TECHNOLOGIES,4532,SINGLE RH SIDE FACING DIVAN,70711-12-(XXX)-(YY),,,AERO SEATING
85,AERO SEATING TECHNOLOGIES,4533,SINGLE FWD / AFT FACING SEAT,70701-11-(XXX)-(YY),,,AERO SEATING
86,AERO SEATING TECHNOLOGIES,4534,SINGLE FWD / AFT FACING SEAT,70701-12-(XXX)-(YY),,,AERO SEATING
87,AERO SEATING TECHNOLOGIES,4535,DOUBLE FWD / AFT FACING SEAT,70702-11-(XXX)-(YY),,,AERO SEATING
88,AERO SEATING TECHNOLOGIES,4536,DOUBLE FWD / AFT FACING SEAT,70702-12-(XXX)-(YY),,,AERO SEATING
89,"AEROANTENNA TECHNOLOGY, INC.",4094,GPS Antenna,AT575-93GW-TNCF-000-RG-27-NM,,,AEROANTENNA
90,"AEROANTENNA TECHNOLOGY, INC.",4095,GPS Antenna,AT575-126GW-TNCF-000-RG-27-NM,,,AEROANTENNA
91,"AEROANTENNA TECHNOLOGY, INC.",4096,GPS/XM Antenna,AT2300-126GW-TNCF-000-RG-27-NM,,,AEROANTENNA
92,"AEROANTENNA TECHNOLOGY, INC.",4097,GPS Antenna,AT575-332G,,,AEROANTENNA
93,"AERONETICS DIVISION, AAR CORP.",2042,Radio Magnetic Indicator,3137-LB-2-1-C,,,AERONETICS
94,AEROSONIC LLC,4698,Pitot Static Probe,101469-X-( ),,,AEROSONIC LLC
95,"AICRAFT BELTS, INC.",2092,Seat Belt,AB-52-01,,,AIRCRAFT BELTS
96,AIR CRUISERS,1720,Life Preserver,D21343-( ),,,AIR CRUISERS
97,AIR CRUISERS,1721,Life Preserver,63600-( ),,,AIR CRUISERS
98,AIR CRUISERS,1722,Life Preserver,D21344-( ),,,AIR CRUISERS
99,AIR CRUISERS,2739,Life Preserver,66601-( ),,,AIR CRUISERS
100,AIR CRUISERS,2740,36 Person Liferaft,66536-( ),,,AIR CRUISERS
101,AIR CRUISERS,4178,10 Person Liferaft,64910-(  ),,,AIR CRUISERS
102,AIR LIQUIDE,1754,Protective Breathing Equipment,15-40F,,,AIR LIQUIDE
103,AIRCRAFT BRAKING SYSTEMS CORPORATION,1405,Wheel and Brake Assembly,90000582/90000583,,,AIRCRAFT BRAKING
104,AIRCRAFT BRAKING SYSTEMS CORPORATION,1406,Nose Wheel Assembly,90000581,,,AIRCRAFT BRAKING
105,AIRCRAFT BRAKING SYSTEMS CORPORATION,1407,Wheel and Brake Assembly,90000582/90000583-1,,,AIRCRAFT BRAKING
106,AIRCRAFT BRAKING SYSTEMS CORPORATION,1408,Nose Wheel Assembly,90000581-1,,,AIRCRAFT BRAKING
107,AIRCRAFT BRAKING SYSTEMS CORPORATION,2108,Nose Wheel,9544207,,,AIRCRAFT BRAKING
108,AIRCRAFT BRAKING SYSTEMS CORPORATION,2109,Main Landing Gear Wheel,5009029,,,AIRCRAFT BRAKING
109,AIRCRAFT BRAKING SYSTEMS CORPORATION,2110,Carbon Brake Assembly,5009027,,,AIRCRAFT BRAKING
110,AIRCRAFT BRAKING SYSTEMS CORPORATION,2111,Main Landing Gear Wheel,5007045-2,,,AIRCRAFT BRAKING
111,AIRCRAFT BRAKING SYSTEMS CORPORATION,2112,Carbon Brake Assembly,5006191-5,,,AIRCRAFT BRAKING
112,AIRCRAFT BRAKING SYSTEMS CORPORATION,2113,Main Landing Gear Wheel,5009029-1,,,AIRCRAFT BRAKING
113,AIRCRAFT BRAKING SYSTEMS CORPORATION,2114,Nose Wheel,5006450-2,,,AIRCRAFT BRAKING
114,AIRCRAFT BRAKING SYSTEMS CORPORATION,2623,Wheel,90002317,,,AIRCRAFT BRAKING
115,AIRCRAFT BRAKING SYSTEMS CORPORATION,2624,Brake Assembly,90002340,,,AIRCRAFT BRAKING
116,AIRCRAFT MODULAR PRODUCTS,2094,Single Swivel Seat,2524-014( ),,,AIRCRAFT MODULAR
117,ALLIEDSIGNAL AEROSPACE COMPANY - OLATHE,1801,Weather Radar System,RDS 81,,,ALLIEDSIGNAL OLATHE
118,ALLIEDSIGNAL AEROSPACE COMPANY - OLATHE,1802,HF System,KHF-950,,,ALLIEDSIGNAL OLATHE
119,ALLIEDSIGNAL AEROSPACE COMPANY - OLATHE,1803,Integrated Radio Package Rack and Frontal Panel,050-03011-0000/050-03104-0000,,,ALLIEDSIGNAL OLATHE
120,ALLIEDSIGNAL AEROSPACE COMPANY - OLATHE,1804,Marker Receiver,066-1021-02,,,ALLIEDSIGNAL OLATHE
121,ALLIEDSIGNAL AEROSPACE COMPANY - OLATHE,1805,VOR Composite Converter,066-01130-0701,,,ALLIEDSIGNAL OLATHE
122,ALLIEDSIGNAL AEROSPACE COMPANY - OLATHE,1806,Compass System,KCS 55A,,,ALLIEDSIGNAL OLATHE
123,ALLIEDSIGNAL AEROSPACE COMPANY - OLATHE,1807,Slaving Accessory,071-1242-07,,,ALLIEDSIGNAL OLATHE
124,ALLIEDSIGNAL AEROSPACE COMPANY - OLATHE,1808,Directional Gyro,060-0015-00,,,ALLIEDSIGNAL OLATHE
125,ALLIEDSIGNAL AEROSPACE COMPANY - OLATHE,1809,HSI,066-3046-11,,,ALLIEDSIGNAL OLATHE
126,ALLIEDSIGNAL AEROSPACE COMPANY - OLATHE,1810,Flux Valve,071-1052-00,,,ALLIEDSIGNAL OLATHE
127,ALLIEDSIGNAL AEROSPACE COMPANY - OLATHE,1811,DME,066-1070-01,,,ALLIEDSIGNAL OLATHE
128,ALLIEDSIGNAL AEROSPACE COMPANY - OLATHE,1812,DME Indicator,066-1069-14,,,ALLIEDSIGNAL OLATHE
129,ALLIEDSIGNAL AEROSPACE COMPANY - OLATHE,1814,Radar Indicator,066-3114-01,,,ALLIEDSIGNAL OLATHE
130,ALLIEDSIGNAL AEROSPACE COMPANY - OLATHE,1815,Radar Sensor,071-1378-00,,,ALLIEDSIGNAL OLATHE
131,ALLIEDSIGNAL AEROSPACE COMPANY - OLATHE,1816,Flat Plate Antenna,071-1317-00,,,ALLIEDSIGNAL OLATHE
132,ALLIEDSIGNAL AEROSPACE COMPANY - OLATHE,1817,Weather Radar,RDS 82VP,,,ALLIEDSIGNAL OLATHE
133,ALLIEDSIGNAL AEROSPACE COMPANY - OLATHE,1818,EFS/VP Radar Rcvr/Xcvr,071-1315-30,,,ALLIEDSIGNAL OLATHE
134,ALLIEDSIGNAL AEROSPACE COMPANY - OLATHE,1819,Radar Indicator,066-3084-33,,,ALLIEDSIGNAL OLATHE
135,ALLIEDSIGNAL AEROSPACE COMPANY - OLATHE,1820,ADF,066-1072-07,,,ALLIEDSIGNAL OLATHE
136,ALLIEDSIGNAL AEROSPACE COMPANY - OLATHE,1821,CDI Indicator,066-3034-22,,,ALLIEDSIGNAL OLATHE
137,ALLIEDSIGNAL AEROSPACE COMPANY - OLATHE,1822,Radar Altimeter,066-1048-02,,,ALLIEDSIGNAL OLATHE
138,ALLIEDSIGNAL AEROSPACE COMPANY - OLATHE,1823,Radar Altimeter,066-3031-00,,,ALLIEDSIGNAL OLATHE
139,ALLIEDSIGNAL AEROSPACE COMPANY - OLATHE,1824,RMI Indicator,066-3060-03,,,ALLIEDSIGNAL OLATHE
140,ALLIEDSIGNAL AEROSPACE COMPANY - OLATHE,1825,GPS Receiver,066-04031-0X11,,,ALLIEDSIGNAL OLATHE
141,ALLIEDSIGNAL AEROSPACE COMPANY - OLATHE,1826,GPS Antenna,071-01545-0200,,,ALLIEDSIGNAL OLATHE
142,ALLIEDSIGNAL AEROSPACE COMPANY - OLATHE,1827,VHF Tranceiver,064-1023-00,,,ALLIEDSIGNAL OLATHE
143,ALLIEDSIGNAL AEROSPACE COMPANY - OLATHE,1828,Control Head,071-1215-70,,,ALLIEDSIGNAL OLATHE
144,ALLIEDSIGNAL AEROSPACE COMPANY - OLATHE,1829,Nav Receiver,066-1078-00,,,ALLIEDSIGNAL OLATHE
145,ALLIEDSIGNAL AEROSPACE COMPANY - OLATHE,1830,Control Head,071-1216-0027,,,ALLIEDSIGNAL OLATHE
146,ALLIEDSIGNAL AEROSPACE COMPANY - OLATHE,1831,Digital ADF,066-1077-00,,,ALLIEDSIGNAL OLATHE
147,ALLIEDSIGNAL AEROSPACE COMPANY - OLATHE,1832,Control Head,071-1210-09,,,ALLIEDSIGNAL OLATHE
148,ALLIEDSIGNAL AEROSPACE COMPANY - OLATHE,1833,Radar Altimeter,066-1048-02,,,ALLIEDSIGNAL OLATHE
149,ALLIEDSIGNAL AEROSPACE COMPANY - OLATHE,1834,RMI,066-3060-0001,,,ALLIEDSIGNAL OLATHE
150,ALLIEDSIGNAL AEROSPACE COMPANY - OLATHE,1835,DME,066-1066-24,,,ALLIEDSIGNAL OLATHE
151,ALLIEDSIGNAL AEROSPACE COMPANY - OLATHE,1836,DME Indicator,066-1069-01,,,ALLIEDSIGNAL OLATHE
152,ALLIEDSIGNAL AEROSPACE COMPANY - OLATHE,1837,Audio Control Panel,066-1055-71,,,ALLIEDSIGNAL OLATHE
153,ALLIEDSIGNAL AEROSPACE COMPANY - OLATHE,1838,Transponder Mode S,066-01143-0201,,,ALLIEDSIGNAL OLATHE
154,ALLIEDSIGNAL AEROSPACE COMPANY - OLATHE,1839,Control Head,071-01507-1301,,,ALLIEDSIGNAL OLATHE
155,ALLIEDSIGNAL AEROSPACE COMPANY - OLATHE,1841,EFIS/VP Indicator,066-3084-32,,,ALLIEDSIGNAL OLATHE
156,ALLIEDSIGNAL AEROSPACE COMPANY - OLATHE,1842,Slaving Controller,071-1242-01,,,ALLIEDSIGNAL OLATHE
157,ALLIEDSIGNAL AEROSPACE COMPANY - OLATHE,1843,Directional Gyro,060-0013-01,,,ALLIEDSIGNAL OLATHE
158,ALLIEDSIGNAL AEROSPACE COMPANY - OLATHE,1845,Electronic HSI,066-03123-1500,,,ALLIEDSIGNAL OLATHE
159,ALLIEDSIGNAL AEROSPACE COMPANY - OLATHE,1846,Electronic ADI or HSI,066-03125-2500,,,ALLIEDSIGNAL OLATHE
160,ALLIEDSIGNAL AEROSPACE COMPANY - OLATHE,1847,Symbol Generator,066-04021-1109,,,ALLIEDSIGNAL OLATHE
161,ALLIEDSIGNAL AEROSPACE COMPANY - OLATHE,1848,GPS Receiver/Comm Tranceiver,069-01029-0201,,,ALLIEDSIGNAL OLATHE
162,ALLIEDSIGNAL AEROSPACE COMPANY - OLATHE,1850,ATC Transponder,066-1062-00,,,ALLIEDSIGNAL OLATHE
163,ALLIEDSIGNAL AEROSPACE COMPANY - OLATHE,1851,ATC Transponder,066-1062-01,,,ALLIEDSIGNAL OLATHE
164,ALLIEDSIGNAL AEROSPACE COMPANY - OLATHE,1852,ATC Transponder,066-1062-02,,,ALLIEDSIGNAL OLATHE
165,ALLIEDSIGNAL AEROSPACE COMPANY - OLATHE,1853,ATC Transponder,066-1062-10,,,ALLIEDSIGNAL OLATHE
166,ALLIEDSIGNAL AEROSPACE COMPANY - OLATHE,1854,COMM Trans/NAV Receiver,069-01028-0101,,,ALLIEDSIGNAL OLATHE
167,ALLIEDSIGNAL AEROSPACE COMPANY - OLATHE,1855,COMM Trans/NAV Receiver,069-01028-0302,,,ALLIEDSIGNAL OLATHE
168,ALLIEDSIGNAL AEROSPACE COMPANY - OLATHE,1856,COMM Trans/NAV Receiver,069-01028-1101,,,ALLIEDSIGNAL OLATHE
169,ALLIEDSIGNAL AEROSPACE COMPANY - OLATHE,1857,COMM Trans/NAV Receiver,069-01028-1302,,,ALLIEDSIGNAL OLATHE
170,ALLIEDSIGNAL AEROSPACE COMPANY - OLATHE,1858,VHF/NAV/GS/COMM,069-1024-30,,,ALLIEDSIGNAL OLATHE
171,ALLIEDSIGNAL AEROSPACE COMPANY - OLATHE,1859,VHF/NAV/GS/COMM,069-1024-31,,,ALLIEDSIGNAL OLATHE
172,ALLIEDSIGNAL AEROSPACE COMPANY - OLATHE,1860,VHF/NAV/GS/COMM,069-1024-32,,,ALLIEDSIGNAL OLATHE
173,ALLIEDSIGNAL AEROSPACE COMPANY - OLATHE,1861,VHF/NAV/GS/COMM,069-1024-33,,,ALLIEDSIGNAL OLATHE
174,ALLIEDSIGNAL AEROSPACE COMPANY - OLATHE,1862,VHF/NAV/GS/COMM,069-1024-34,,,ALLIEDSIGNAL OLATHE
175,ALLIEDSIGNAL AEROSPACE COMPANY - OLATHE,1863,VHF/NAV/GS/COMM,069-1024-35,,,ALLIEDSIGNAL OLATHE
176,ALLIEDSIGNAL AEROSPACE COMPANY - OLATHE,1864,VHF/NAV/GS/COMM,069-1024-36,,,ALLIEDSIGNAL OLATHE
177,ALLIEDSIGNAL AEROSPACE COMPANY - OLATHE,1865,VHF/NAV/GS/COMM,069-1024-37,,,ALLIEDSIGNAL OLATHE
178,ALLIEDSIGNAL AEROSPACE COMPANY - OLATHE,1866,VHF/NAV/GS/COMM,069-1024-38,,,ALLIEDSIGNAL OLATHE
179,ALLIEDSIGNAL AEROSPACE COMPANY - OLATHE,1867,VHF/NAV/GS/COMM,069-1024-39,,,ALLIEDSIGNAL OLATHE
180,ALLIEDSIGNAL AEROSPACE COMPANY - OLATHE,1868,VHF/NAV/GS/COMM,069-1024-40,,,ALLIEDSIGNAL OLATHE
181,ALLIEDSIGNAL AEROSPACE COMPANY - OLATHE,1869,VHF/NAV/GS/COMM,069-1024-41,,,ALLIEDSIGNAL OLATHE
182,ALLIEDSIGNAL AEROSPACE COMPANY - OLATHE,1870,VHF/NAV/GS/COMM,069-1024-42,,,ALLIEDSIGNAL OLATHE
183,ALLIEDSIGNAL AEROSPACE COMPANY - OLATHE,1871,VHF/NAV/GS/COMM,069-1024-43,,,ALLIEDSIGNAL OLATHE
184,ALLIEDSIGNAL AEROSPACE COMPANY - OLATHE,1872,VHF/NAV/GS/COMM,069-1024-44,,,ALLIEDSIGNAL OLATHE
185,ALLIEDSIGNAL AEROSPACE COMPANY - OLATHE,1873,VHF/NAV/GS/COMM,069-1024-45,,,ALLIEDSIGNAL OLATHE
186,ALLIEDSIGNAL AEROSPACE COMPANY - OLATHE,1874,VHF/NAV/GS/COMM,069-1024-46,,,ALLIEDSIGNAL OLATHE
187,ALLIEDSIGNAL AEROSPACE COMPANY - OLATHE,1875,VHF/NAV/GS/COMM,069-1024-47,,,ALLIEDSIGNAL OLATHE
188,ALLIEDSIGNAL AEROSPACE COMPANY - OLATHE,1876,VHF/NAV/GS/COMM,069-1024-48,,,ALLIEDSIGNAL OLATHE
189,ALLIEDSIGNAL AEROSPACE COMPANY - OLATHE,1877,VHF/NAV/GS/COMM,069-1024-49,,,ALLIEDSIGNAL OLATHE
190,ALLIEDSIGNAL AEROSPACE COMPANY - OLATHE,1878,VHF/NAV/GS/COMM/VOR/LOC,069-1025-20,,,ALLIEDSIGNAL OLATHE
191,ALLIEDSIGNAL AEROSPACE COMPANY - OLATHE,1879,VHF/NAV/GS/COMM/VOR/LOC,069-1025-21,,,ALLIEDSIGNAL OLATHE
192,ALLIEDSIGNAL AEROSPACE COMPANY - OLATHE,1880,VHF/NAV/GS/COMM/VOR/LOC,069-1025-22,,,ALLIEDSIGNAL OLATHE
193,ALLIEDSIGNAL AEROSPACE COMPANY - OLATHE,1881,VHF/NAV/GS/COMM/VOR/LOC,069-1025-23,,,ALLIEDSIGNAL OLATHE
194,ALLIEDSIGNAL AEROSPACE COMPANY - OLATHE,1882,VHF/NAV/GS/COMM/VOR/LOC,069-1025-24,,,ALLIEDSIGNAL OLATHE
195,ALLIEDSIGNAL AEROSPACE COMPANY - OLATHE,1883,VHF/NAV/GS/COMM/VOR/LOC,069-1025-25,,,ALLIEDSIGNAL OLATHE
196,ALLIEDSIGNAL AEROSPACE COMPANY - OLATHE,1884,VHF/NAV/GS/COMM/VOR/LOC,069-1025-26,,,ALLIEDSIGNAL OLATHE
197,ALLIEDSIGNAL AEROSPACE COMPANY - OLATHE,1885,VHF/NAV/GS/COMM/VOR/LOC,069-1025-27,,,ALLIEDSIGNAL OLATHE
198,ALLIEDSIGNAL AEROSPACE COMPANY - OLATHE,1886,VHF/NAV/GS/COMM/VOR/LOC,069-1025-28,,,ALLIEDSIGNAL OLATHE
199,ALLIEDSIGNAL AEROSPACE COMPANY - OLATHE,1887,VHF/NAV/GS/COMM/VOR/LOC,069-1025-29,,,ALLIEDSIGNAL OLATHE
200,ALLIEDSIGNAL AEROSPACE COMPANY - OLATHE,1888,VHF/NAV/GS/COMM/VOR/LOC,069-1025-30,,,ALLIEDSIGNAL OLATHE
201,ALLIEDSIGNAL AEROSPACE COMPANY - OLATHE,1889,VHF/NAV/GS/COMM/VOR/LOC,069-1025-31,,,ALLIEDSIGNAL OLATHE
202,ALLIEDSIGNAL AEROSPACE COMPANY - OLATHE,1890,NAV Indicator,066-3034-00,,,ALLIEDSIGNAL OLATHE
203,ALLIEDSIGNAL AEROSPACE COMPANY - OLATHE,1891,NAV Indicator,066-3034-01,,,ALLIEDSIGNAL OLATHE
204,ALLIEDSIGNAL AEROSPACE COMPANY - OLATHE,1892,NAV Indicator,066-3034-02,,,ALLIEDSIGNAL OLATHE
205,ALLIEDSIGNAL AEROSPACE COMPANY - OLATHE,1893,NAV Indicator,066-3034-03,,,ALLIEDSIGNAL OLATHE
206,ALLIEDSIGNAL AEROSPACE COMPANY - OLATHE,1894,VOR/LOC/GS Indicator,066-3056-00,,,ALLIEDSIGNAL OLATHE
207,ALLIEDSIGNAL AEROSPACE COMPANY - OLATHE,1895,VOR/LOC/GS Indicator,066-3056-01,,,ALLIEDSIGNAL OLATHE
208,ALLIEDSIGNAL AEROSPACE COMPANY - OLATHE,1896,VHF COMM Transceiver,064-1052-10,,,ALLIEDSIGNAL OLATHE
209,ALLIEDSIGNAL AEROSPACE COMPANY - OLATHE,1897,VHF COMM Transceiver,064-1052-30,,,ALLIEDSIGNAL OLATHE
210,ALLIEDSIGNAL AEROSPACE COMPANY - OLATHE,1898,VHF COMM Transceiver,064-1052-50,,,ALLIEDSIGNAL OLATHE
211,ALLIEDSIGNAL AEROSPACE COMPANY - OLATHE,1899,VHF COMM Transceiver,064-1052-51,,,ALLIEDSIGNAL OLATHE
212,ALLIEDSIGNAL AEROSPACE COMPANY - OLATHE,1900,VHF COMM Transceiver,064-1052-60,,,ALLIEDSIGNAL OLATHE
213,ALLIEDSIGNAL AEROSPACE COMPANY - OLATHE,1901,VHF COMM Transceiver,064-1052-61,,,ALLIEDSIGNAL OLATHE
214,ALLIEDSIGNAL AEROSPACE COMPANY - OLATHE,1902,VHF COMM Transceiver,064-1052-70,,,ALLIEDSIGNAL OLATHE
215,ALLIEDSIGNAL AEROSPACE COMPANY - OLATHE,1903,VHF COMM Transceiver,064-1051-10,,,ALLIEDSIGNAL OLATHE
216,ALLIEDSIGNAL AEROSPACE COMPANY - OLATHE,1904,VHF COMM Transceiver,064-1051-30,,,ALLIEDSIGNAL OLATHE
217,ALLIEDSIGNAL AEROSPACE COMPANY - OLATHE,1905,VHF COMM Transceiver,064-1051-50,,,ALLIEDSIGNAL OLATHE
218,ALLIEDSIGNAL AEROSPACE COMPANY - OLATHE,1906,VHF COMM Transceiver,064-1051-51,,,ALLIEDSIGNAL OLATHE
219,ALLIEDSIGNAL AEROSPACE COMPANY - OLATHE,1907,VHF COMM Transceiver,064-1051-60,,,ALLIEDSIGNAL OLATHE
220,ALLIEDSIGNAL AEROSPACE COMPANY - OLATHE,1908,VHF COMM Transceiver,064-1051-61,,,ALLIEDSIGNAL OLATHE
221,ALLIEDSIGNAL AEROSPACE COMPANY - OLATHE,1909,VHF COMM Transceiver,064-1051-70,,,ALLIEDSIGNAL OLATHE
222,ALLIEDSIGNAL AEROSPACE COMPANY - OLATHE,1910,Antenna/Receiver/Transmitter Unit,071-01519-0101,,,ALLIEDSIGNAL OLATHE
223,ALLIEDSIGNAL AEROSPACE COMPANY - OLATHE,1911,Configuration Module,071-00097-0100,,,ALLIEDSIGNAL OLATHE
224,ALLIEDSIGNAL AEROSPACE COMPANY - OLATHE,1912,Antenna,071-01528-0100,,,ALLIEDSIGNAL OLATHE
225,ALLIEDSIGNAL AEROSPACE COMPANY - OLATHE,1913,Antenna,071-01528-0200,,,ALLIEDSIGNAL OLATHE
226,ALLIEDSIGNAL AEROSPACE COMPANY - OLATHE,1914,Antenna,071-01549-0100,,,ALLIEDSIGNAL OLATHE
227,ALLIEDSIGNAL AEROSPACE COMPANY - OLATHE,1915,Antenna,071-01549-0200,,,ALLIEDSIGNAL OLATHE
228,ALLIEDSIGNAL AEROSPACE COMPANY - OLATHE,1916,Microstrip Antenna,071-01564-0100,,,ALLIEDSIGNAL OLATHE
229,ALLIEDSIGNAL AEROSPACE COMPANY - OLATHE,1917,Microstrip Antenna,071-01564-0200,,,ALLIEDSIGNAL OLATHE
230,ALLIEDSIGNAL AEROSPACE COMPANY - OLATHE,1918,RDS 81 Indicator,066-3114-00,,,ALLIEDSIGNAL OLATHE
231,ALLIEDSIGNAL AEROSPACE COMPANY - OLATHE,1919,RDS 81 Indicator,066-3114-01,,,ALLIEDSIGNAL OLATHE
232,ALLIEDSIGNAL AEROSPACE COMPANY - OLATHE,1920,RDS 82 Indicator,066-3084-00,,,ALLIEDSIGNAL OLATHE
233,ALLIEDSIGNAL AEROSPACE COMPANY - OLATHE,1921,RDS 82 Indicator,066-3084-01,,,ALLIEDSIGNAL OLATHE
234,ALLIEDSIGNAL AEROSPACE COMPANY - OLATHE,1922,RDS 82 Indicator,066-3084-02,,,ALLIEDSIGNAL OLATHE
235,ALLIEDSIGNAL AEROSPACE COMPANY - OLATHE,1923,RDS 82 Indicator,066-3084-03,,,ALLIEDSIGNAL OLATHE
236,ALLIEDSIGNAL AEROSPACE COMPANY - OLATHE,1924,RDS 82 Indicator,066-3084-30,,,ALLIEDSIGNAL OLATHE
237,ALLIEDSIGNAL AEROSPACE COMPANY - OLATHE,1925,RDS 82 Indicator,066-3084-31,,,ALLIEDSIGNAL OLATHE
238,ALLIEDSIGNAL AEROSPACE COMPANY - OLATHE,1926,RDS 82 Indicator,066-3084-32,,,ALLIEDSIGNAL OLATHE
239,ALLIEDSIGNAL AEROSPACE COMPANY - OLATHE,1927,RDS 82 Indicator,066-3084-33,,,ALLIEDSIGNAL OLATHE
240,ALLIEDSIGNAL AEROSPACE COMPANY - OLATHE,1928,FMS,400-017450-0101-( ),,,ALLIEDSIGNAL OLATHE
241,ALLIEDSIGNAL AEROSPACE COMPANY - OLATHE,1929,CMU,017680-01,,,ALLIEDSIGNAL OLATHE
242,ALLIEDSIGNAL AEROSPACE COMPANY - OLATHE,1930,Panel-Mounted GPS Black 14V/28V,066-04031-1121,,,ALLIEDSIGNAL OLATHE
243,ALLIEDSIGNAL AEROSPACE COMPANY - OLATHE,1931,Panel-Mounted GPS Black 5V,066-04031-1221,,,ALLIEDSIGNAL OLATHE
244,ALLIEDSIGNAL AEROSPACE COMPANY - OLATHE,1932,Panel-Mounted GPS Gray 14V/28V,066-04031-1321,,,ALLIEDSIGNAL OLATHE
245,ALLIEDSIGNAL AEROSPACE COMPANY - OLATHE,1933,Panel-Mounted GPS Gray 5V,066-04031-1421,,,ALLIEDSIGNAL OLATHE
246,ALLIEDSIGNAL AEROSPACE COMPANY - OLATHE,1934,Upgraded Panel-Mounted GPS Black 14V/28V,066-04031-2121,,,ALLIEDSIGNAL OLATHE
247,ALLIEDSIGNAL AEROSPACE COMPANY - OLATHE,1935,Upgraded Panel-Mounted GPS Black 5V,066-04031-2221,,,ALLIEDSIGNAL OLATHE
248,ALLIEDSIGNAL AEROSPACE COMPANY - OLATHE,1936,Upgraded Panel-Mounted GPS Gray 14V/28V,066-04031-2321,,,ALLIEDSIGNAL OLATHE
249,ALLIEDSIGNAL AEROSPACE COMPANY - OLATHE,1937,Upgraded Panel-Mounted GPS Gray 5V,066-04031-2421,,,ALLIEDSIGNAL OLATHE
250,ALLIEDSIGNAL AEROSPACE COMPANY - OLATHE,1938,Patch Antenna,071-01553-0200,,,ALLIEDSIGNAL OLATHE
251,ALLIEDSIGNAL AEROSPACE COMPANY - OLATHE,1939,Patch Antenna,066-01545-0200,,,ALLIEDSIGNAL OLATHE
252,ALLIEDSIGNAL AEROSPACE COMPANY - OLATHE,1940,Panel-Mounted GPS Black 14V/28V,066-01148-0101,,,ALLIEDSIGNAL OLATHE
253,ALLIEDSIGNAL AEROSPACE COMPANY - OLATHE,1941,FMS,017960-0101-( ),,,ALLIEDSIGNAL OLATHE
254,ALLIEDSIGNAL AEROSPACE COMPANY - OLATHE,1943,GPS Antenna,121-017686-01,,,ALLIEDSIGNAL OLATHE
255,ALLIEDSIGNAL AEROSPACE COMPANY - OLATHE,1944,GPS Antenna,121-018290-01,,,ALLIEDSIGNAL OLATHE
256,ALLIEDSIGNAL AEROSPACE COMPANY - OLATHE,1945,Antenna/Receiver/Transmitter Unit,071-01550-0101,,,ALLIEDSIGNAL OLATHE
257,ALLIEDSIGNAL AEROSPACE COMPANY - OLATHE,1953,RDS 81 Indicator,066-03114-( ),,,ALLIEDSIGNAL OLATHE
258,ALLIEDSIGNAL AEROSPACE COMPANY - OLATHE,1954,RDS 82 Indicator,066-03084-( ),,,ALLIEDSIGNAL OLATHE
259,ALLIEDSIGNAL AEROSPACE COMPANY - OLATHE,1955,RDS 84 Indicator,066-03085-( ),,,ALLIEDSIGNAL OLATHE
260,ALLIEDSIGNAL AEROSPACE COMPANY - OLATHE,1956,RDS 86 Indicator,066-03086-( ),,,ALLIEDSIGNAL OLATHE
261,ALLIEDSIGNAL AEROSPACE COMPANY - OLATHE,1957,Radar Graphics Unit,071-01313-( ),,,ALLIEDSIGNAL OLATHE
262,ALLIEDSIGNAL AEROSPACE COMPANY - OLATHE,1958,Radar Graphics Unit,071-01359-( ),,,ALLIEDSIGNAL OLATHE
263,ALLIEDSIGNAL AEROSPACE COMPANY - OLATHE,1959,Radar Graphics Interface Unit,066-03096-( ),,,ALLIEDSIGNAL OLATHE
264,ALLIEDSIGNAL AEROSPACE COMPANY - OLATHE,1960,TCAS Processor,066-01145-0101,,,ALLIEDSIGNAL OLATHE
265,ALLIEDSIGNAL AEROSPACE COMPANY - OLATHE,1961,Directional Antenna,071-01548-0100,,,ALLIEDSIGNAL OLATHE
266,ALLIEDSIGNAL AEROSPACE COMPANY - OLATHE,1962,Directional Antenna,071-01548-0200,,,ALLIEDSIGNAL OLATHE
267,ALLIEDSIGNAL AEROSPACE COMPANY - OLATHE,1963,TCAS I Control Panel,071-01568-XXXX,,,ALLIEDSIGNAL OLATHE
268,ALLIEDSIGNAL AEROSPACE COMPANY - OLATHE,1964,Mode S Transponder/TCAS Control Panel,071-01507-XXXX,,,ALLIEDSIGNAL OLATHE
269,ALLIEDSIGNAL AEROSPACE COMPANY - OLATHE,1965,Traffic Advisory Display,066-50011-XXXX,,,ALLIEDSIGNAL OLATHE
270,ALLIEDSIGNAL AEROSPACE COMPANY - OLATHE,1966,Traffic Advisory/Resolution Advisory/Vertical Speed Indicator,066-50001-XXXX,,,ALLIEDSIGNAL OLATHE
271,ALLIEDSIGNAL AEROSPACE COMPANY - OLATHE,1967,TCAS Graphics Processor,071-01505-XXXX,,,ALLIEDSIGNAL OLATHE
272,ALLIEDSIGNAL AEROSPACE COMPANY - OLATHE,1968,Configuration Module,071-00097-1000,,,ALLIEDSIGNAL OLATHE
273,ALLIEDSIGNAL AEROSPACE COMPANY - OLATHE,1969,TCAS Processor,066-01146-0101,,,ALLIEDSIGNAL OLATHE
274,ALLIEDSIGNAL AEROSPACE COMPANY - OLATHE,1970,TCAS Processor,066-01146-0201,,,ALLIEDSIGNAL OLATHE
275,ALLIEDSIGNAL AEROSPACE COMPANY - OLATHE,1974,TCAS/Mode S transponder Control Unit,071-01542-XXXX,,,ALLIEDSIGNAL OLATHE
276,ALLIEDSIGNAL AEROSPACE COMPANY - OLATHE,1977,Mark V Warning Computer,965-0676-023,,,ALLIEDSIGNAL OLATHE
277,ALLIEDSIGNAL AEROSPACE COMPANY - OLATHE,1978,MK V Ground Proximity Warning Computer,965-0676-010,,,ALLIEDSIGNAL OLATHE
278,ALLIEDSIGNAL AEROSPACE COMPANY - OLATHE,1979,MK V Ground Proximity Warning Computer,965-0676-011,,,ALLIEDSIGNAL OLATHE
279,ALLIEDSIGNAL AEROSPACE COMPANY - OLATHE,1980,MK VI Warning Computer,965-0686-020,,,ALLIEDSIGNAL OLATHE
280,ALLIEDSIGNAL AEROSPACE COMPANY - OLATHE,1981,Nav FM Filter,071-00111-0000,,,ALLIEDSIGNAL OLATHE
281,ALLIEDSIGNAL AEROSPACE COMPANY - OLATHE,1982,Handheld GPS/Comm,069-01031-0101,,,ALLIEDSIGNAL OLATHE
282,ALLIEDSIGNAL AEROSPACE COMPANY - OLATHE,1983,GPS Receiver/COMM Tranceiver,069-01029-0703,,,ALLIEDSIGNAL OLATHE
283,ALLIEDSIGNAL AEROSPACE COMPANY - OLATHE,1984,VOR/Localizer/Glideslop/ VHF,069-01032-0101,,,ALLIEDSIGNAL OLATHE
284,ALLIEDSIGNAL AEROSPACE COMPANY - OLATHE,1985,VOR/Localizer/Glideslop/VHF,069-01032-0201,,,ALLIEDSIGNAL OLATHE
285,ALLIEDSIGNAL AEROSPACE COMPANY - OLATHE,1986,FMS,18355-0101-( ),,,ALLIEDSIGNAL OLATHE
286,ALLIEDSIGNAL AEROSPACE COMPANY - OLATHE,1987,FMS,14141-0624-XXXX,,,ALLIEDSIGNAL OLATHE
287,ALLIEDSIGNAL AEROSPACE COMPANY - OLATHE,1988,CDU,18420-0101-00XX,,,ALLIEDSIGNAL OLATHE
288,ALLIEDSIGNAL AEROSPACE COMPANY - OLATHE,1989,KY 197A,064-1053-60,,,ALLIEDSIGNAL OLATHE
289,ALLIEDSIGNAL AEROSPACE COMPANY - OLATHE,1990,KRA 405B,066-01153-0101,,,ALLIEDSIGNAL OLATHE
290,ALLIEDSIGNAL AEROSPACE COMPANY - OLATHE,1991,"HF Control Unit, Black 5V",071-1274-00,,,ALLIEDSIGNAL OLATHE
291,ALLIEDSIGNAL AEROSPACE COMPANY - OLATHE,1992,"HF Control Unit, Black 28V",071-1274-01,,,ALLIEDSIGNAL OLATHE
292,ALLIEDSIGNAL AEROSPACE COMPANY - OLATHE,1993,"HF Control Unit, Gray 5V",071-1274-02,,,ALLIEDSIGNAL OLATHE
293,ALLIEDSIGNAL AEROSPACE COMPANY - OLATHE,1994,"HF Control Unit, Gray 28V",071-1274-03,,,ALLIEDSIGNAL OLATHE
294,ALLIEDSIGNAL AEROSPACE COMPANY - OLATHE,1995,"HF Control Unit, Blak 5V SL",071-1274-04,,,ALLIEDSIGNAL OLATHE
295,ALLIEDSIGNAL AEROSPACE COMPANY - OLATHE,1997,Control Panel ,071-01568-1101,,,ALLIEDSIGNAL OLATHE
296,ALLIEDSIGNAL AEROSPACE COMPANY - OLATHE,1998,Control Panel,071-01568-1201,,,ALLIEDSIGNAL OLATHE
297,ALLIEDSIGNAL AEROSPACE COMPANY - OLATHE,1999,Control Panel,071-01568-1401,,,ALLIEDSIGNAL OLATHE
298,ALLIEDSIGNAL AEROSPACE COMPANY - OLATHE,2000,Control Panel,071-01568-1501,,,ALLIEDSIGNAL OLATHE
299,ALLIEDSIGNAL AEROSPACE COMPANY - OLATHE,2001,Control Panel,071-01568-1601,,,ALLIEDSIGNAL OLATHE
300,ALLIEDSIGNAL AEROSPACE COMPANY - OLATHE,2002,Control Panel ,071-01568-1801,,,ALLIEDSIGNAL OLATHE
301,ALLIEDSIGNAL AEROSPACE COMPANY - OLATHE,2003,Control Panel ,071-01568-2001,,,ALLIEDSIGNAL OLATHE
302,ALLIEDSIGNAL AEROSPACE COMPANY - OLATHE,2004,Control Panel,071-01568-2101,,,ALLIEDSIGNAL OLATHE
303,ALLIEDSIGNAL AEROSPACE COMPANY - OLATHE,2005,MK V Enhanced Ground Proximity Warning Computer,965-0976-003,,,ALLIEDSIGNAL OLATHE
304,ALLIEDSIGNAL AEROSPACE COMPANY - OLATHE,2006,Marker Beacon w/o Test Tone,066-1044-01,,,ALLIEDSIGNAL OLATHE
305,ALLIEDSIGNAL AEROSPACE COMPANY - OLATHE,2007,HF Bus Adapter,071-1268-00,,,ALLIEDSIGNAL OLATHE
306,ALLIEDSIGNAL AEROSPACE COMPANY - OLATHE,2008,HF Bus Adapter,071-1268-01,,,ALLIEDSIGNAL OLATHE
307,ALLIEDSIGNAL AEROSPACE COMPANY - OLATHE,2009,DME Computer,066-1107-01,,,ALLIEDSIGNAL OLATHE
308,ALLIEDSIGNAL AEROSPACE COMPANY - OLATHE,2010,DME Computer,066-1107-02,,,ALLIEDSIGNAL OLATHE
309,ALLIEDSIGNAL AEROSPACE COMPANY - OLATHE,2011,DME Computer,066-1107-10,,,ALLIEDSIGNAL OLATHE
310,ALLIEDSIGNAL AEROSPACE COMPANY - OLATHE,2012,DME Computer,066-1107-11,,,ALLIEDSIGNAL OLATHE
311,ALLIEDSIGNAL AEROSPACE COMPANY - OLATHE,2013,DME Computer,066-1107-12,,,ALLIEDSIGNAL OLATHE
312,ALLIEDSIGNAL AEROSPACE COMPANY - OLATHE,2014,KLN 900,066-04034-0102,,,ALLIEDSIGNAL OLATHE
313,ALLIEDSIGNAL AEROSPACE COMPANY - OLATHE,2015,KLN 900,066-04034-0202,,,ALLIEDSIGNAL OLATHE
314,ALLIEDSIGNAL AEROSPACE COMPANY - OLATHE,2016,KLN 900,066-04034-0104,,,ALLIEDSIGNAL OLATHE
315,ALLIEDSIGNAL AEROSPACE COMPANY - OLATHE,2017,KLN 900,066-04034-0204,,,ALLIEDSIGNAL OLATHE
316,ALLIEDSIGNAL AEROSPACE COMPANY - OLATHE,2018,Radar Altimeter Indicator,066-3044-04,,,ALLIEDSIGNAL OLATHE
317,ALLIEDSIGNAL AEROSPACE COMPANY - OLATHE,2019,Navigation ILS Receiver,066-1149-00/53,,,ALLIEDSIGNAL OLATHE
318,ALLIEDSIGNAL AEROSPACE COMPANY - OLATHE,2020,VHF Transceiver,064-01084-0101,,,ALLIEDSIGNAL OLATHE
319,ALLIEDSIGNAL AEROSPACE COMPANY - OLATHE,2021,VHF Transceiver,064-01084-0201,,,ALLIEDSIGNAL OLATHE
320,ALLIEDSIGNAL AEROSPACE COMPANY - PHOENIX,2043,Auxiliary Power Unit,3800148,,,ALLIEDSIGNAL PHOENIX
321,ALLIEDSIGNAL AEROSPACE COMPANY - PHOENIX,2044,Auxiliary Power Unit,3800376-1,,,ALLIEDSIGNAL PHOENIX
322,ALLIEDSIGNAL AEROSPACE COMPANY - PHOENIX,2045,Auxiliary Power Unit,3800376-2,,,ALLIEDSIGNAL PHOENIX
323,ALLIEDSIGNAL AEROSPACE COMPANY - PHOENIX,2046,Auxiliary Power Unit,3800376-3,,,ALLIEDSIGNAL PHOENIX
324,ALLIEDSIGNAL AEROSPACE COMPANY - PHOENIX,2047,Auxiliary Power Unit,3800488-2,,,ALLIEDSIGNAL PHOENIX
325,ALLIEDSIGNAL AEROSPACE COMPANY - PHOENIX,2048,Auxiliary Power Unit,381336-1,,,ALLIEDSIGNAL PHOENIX
326,ALLIEDSIGNAL AEROSPACE COMPANY - PHOENIX,2049,Auxiliary Power Unit,381388-1,,,ALLIEDSIGNAL PHOENIX
327,ALLIEDSIGNAL AEROSPACE COMPANY - PHOENIX,2051,Auxiliary Power Unit,3800708-1,,,ALLIEDSIGNAL PHOENIX
328,ALLIEDSIGNAL AEROSPACE COMPANY - PHOENIX,2052,Auxiliary Power Unit,3800722-1,,,ALLIEDSIGNAL PHOENIX
329,AM-SAFE INCORPORATED,1764,Restraint System Assembly,4037-( )-( ),,,AM-SAFE
330,AM-SAFE INCORPORATED,1765,Restraint System Assembly,504580-407,,,AM-SAFE
331,AM-SAFE INCORPORATED,1766,Restraint System Assembly,504580-409,,,AM-SAFE
332,AM-SAFE INCORPORATED,1767,Lap Belt Assembly,2010-1-( )-( ),,,AM-SAFE
333,AM-SAFE INCORPORATED,1768,Lap Belt Assembly,2010-2-( )-( ),,,AM-SAFE
334,AM-SAFE INCORPORATED,1769,Lap Belt Assembly,2077-1-( )-( ),,,AM-SAFE
335,AM-SAFE INCORPORATED,1770,Lap Belt Extention Assembly,2077-2-( )-( ),,,AM-SAFE
336,AM-SAFE INCORPORATED,1771,Lap Belt Assembly,504377-401,,,AM-SAFE
337,AM-SAFE INCORPORATED,1772,Lap Belt Assembly,504377-402,,,AM-SAFE
338,AM-SAFE INCORPORATED,2248,Lap Belt Assembly,2064-1-( )-( ),,,AM-SAFE
339,AM-SAFE INCORPORATED,2249,Lap Belt Assembly,2064-2-( )-( ),,,AM-SAFE
340,AM-SAFE INCORPORATED,2250,Lap Belt Assembly,2064-6-( )-( ),,,AM-SAFE
341,ANJOU AÉRONAUTIQUE S.A.,2095,Safety Belt,343-1,,,ANJOU
342,ARTEX AIRCRAFT SUPPLIES INC.,2370,Emergency Locator Transmitter,ELT 110-406,,,ARTEX
343,ARTEX AIRCRAFT SUPPLIES INC.,2371,Emergency Locator Transmitter,ELT 110-406 HM,,,ARTEX
344,ARTEX AIRCRAFT SUPPLIES INC.,2372,Emergency Locator Transmitter,ELT 110-4,,,ARTEX
345,ARTEX AIRCRAFT SUPPLIES INC.,2373,Emergency Locator Transmitter,ELT 100 HM,,,ARTEX
346,ARTEX AIRCRAFT SUPPLIES INC.,2374,Emergency Locator Transmitter,ELT 110-6,,,ARTEX
347,ARTEX AIRCRAFT SUPPLIES INC.,2375,Emergency Locator Transmitter,ELT 110-406 NAV,,,ARTEX
348,ARTEX AIRCRAFT SUPPLIES INC.,2376,Emergency Locator Transmitter,ELT 110-406 HM NAV,,,ARTEX
349,ARTEX AIRCRAFT SUPPLIES INC.,2377,Emergency Locator Transmitter,ELT C406-2,,,ARTEX
350,ARTEX AIRCRAFT SUPPLIES INC.,2378,Emergency Locator Transmitter,ELT C406-2HM,,,ARTEX
351,ARTEX AIRCRAFT SUPPLIES INC.,2379,Emergency Locator Transmitter,ELT C406-1,,,ARTEX
352,ARTEX AIRCRAFT SUPPLIES INC.,2380,Emergency Locator Transmitter,ELT C406-1HM,,,ARTEX
353,ARTEX AIRCRAFT SUPPLIES INC.,2381,Emergency Locator Transmitter,ELT C406N,,,ARTEX
354,ARTEX AIRCRAFT SUPPLIES INC.,2382,Emergency Locator Transmitter,ELT C406-NHM,,,ARTEX
355,ARTEX AIRCRAFT SUPPLIES INC.,3913,Emergency Locator Transmitter,453-6603,,,ARTEX
356,ARTEX AIRCRAFT SUPPLIES INC.,4704,Emergency Locator Transmitter (ELT),A3-06-2749-1,,,ARTEX
357,ASPEN AVIONICS,4179,EFD1000 (PFD),A-05-110-00,,,ASPEN AVIONICS
358,ASPEN AVIONICS,4180,REMOTE SENSOR MODULE (RSM),A-05-111-00,,,ASPEN AVIONICS
359,ASPEN AVIONICS,4181,ANALOG CONVERTER UNIT (ACU) – optional,A-05-112-00,,,ASPEN AVIONICS
360,ASPEN AVIONICS,4182,"CONFIGURATION MODULE, PFD PILOT",A-05-113-00,,,ASPEN AVIONICS
361,ASPEN AVIONICS,4183,"CONFIGURATION MODULE, PFD PRO",A-05-114-00,,,ASPEN AVIONICS
362,ASPEN AVIONICS,4184,"CONFIGURATION MODULE, PFD PRO DIGITAL",A-05-118-00,,,ASPEN AVIONICS
363,ASPEN AVIONICS,4185,"INSTALLATION KIT, EFD1000",A-08-130-00,,,ASPEN AVIONICS
364,ASPEN AVIONICS,4186,"INSTALLATION KIT, RSM",A-08-131-00,,,ASPEN AVIONICS
365,ASPEN AVIONICS,4187,"INSTALLATION KIT, ACU – optional",A-08-132-00,,,ASPEN AVIONICS
366,ASTRONICS LUMINESCENT SYSTEMS INC.,4819,PTA light assembly (Red),87-03916-002,,,ASTRONICS
367,ASTRONICS LUMINESCENT SYSTEMS INC.,4820,PTA light assembly (Green),87-03917-002,,,ASTRONICS
368,AVIATION COMMUNICATION & SURVEILLANCE SYSTEMS,1409,TCAS Directional Antenna,7514081-903,,,ACSS
369,AVIATION COMMUNICATION & SURVEILLANCE SYSTEMS,1410,TCAS II - Traffic Alert and Collision Avoidance System Computer Unit,7517900-55004,,,ACSS
370,AVITECH CORPORATION,2390,Audio Control,5630-1,,,AVITECH
371,AVITECH CORPORATION,2391,Audio Control,5640-1,,,AVITECH
372,AVITECH CORPORATION,2392,Digital Remote Electronics Unit,5390-1,,,AVITECH
373,AVITECH CORPORATION,2393,Cabin Interphone Unit,5091-1-3,,,AVITECH
374,AVITECH CORPORATION,2394,Audio Control Panel,5091-1-1,,,AVITECH
375,AVITECH CORPORATION,2395,Cabin Interphone Unit,5296-1,,,AVITECH
376,AVOX SYSTEMS INC.,2626,Continuous Flow Passenger Oxygen Mask,289-801-127-1,,,AVOX
377,AVOX SYSTEMS INC.,2627,Continuous Flow Passenger Oxygen Mask,289-801-127-2,,,AVOX
378,AVOX SYSTEMS INC.,2628,Continuous Flow Passenger Oxygen Mask,289-801-127-3,,,AVOX
379,AVOX SYSTEMS INC.,2629,Protective Breathing Equipment,802300-14,,,AVOX
380,AVOX SYSTEMS INC.,2630,Stowage Container,803436-22,,,AVOX
381,AVOX SYSTEMS INC.,4567,Continuos Flow Passenger Oxygen Mask,289-301-( ) SERIES,,,AVOX
382,AVOX SYSTEMS INC.,4658,CONTINUOUS FLOW PASSENGER OXYGEN MASK,289-801-( ) SERIES,,,AVOX
383,AVOX SYSTEMS INC.,4659,CONTINUOUS FLOW PASSENGER OXYGEN MASK,289-601-( )SERIES,,,AVOX
384,BAKER ELECTRONICS INC,2115,Marker Beacon Receiver,KMA 26,,,BAKER
385,BAKER ELECTRONICS INC,2116,Audio Isolation Amplifier,990-2600-002,,,BAKER
386,BE AEROSPACE EXECUTIVE AIRCRAFT SEATING,4661,FORWARD / AFTWARD FACING SINGLE SEAT,3A( )F( )113( )( ),,,BE FL
387,BE AEROSPACE EXECUTIVE AIRCRAFT SEATING,4662,ONE PLACE SIDE FACING DIVAN MODEL,3D( )F( )113( )( ),,,BE FL
388,BE AEROSPACE FISCHER GMBH,4810,Crew Seat 355/285 H150,0936-()-()-()-(),,,BE - GERMANY
389,BE AEROSPACE INC.,1723,Full-face Crew Oxigen Mask,174692-94,,,BE - KS
390,BE AEROSPACE INC.,1724,Stowage Box Assembly,118716-23,,,BE - KS
391,BE AEROSPACE INC.,2640,Crewmember Protective Breathing Equipment,119003-11,,,BE - KS
392,BE AEROSPACE INC.,2641,Crewmember Protective Breathing Equipment Stowage Box,119063-XX,,,BE - KS
393,BE AEROSPACE INC.,2642,Crewmember Protective Breathing Equipment Stowage Box,4401005-XXX,,,BE - KS
394,BE AEROSPACE INC.,3878,Passenger Mask Assembly,174095-MX,,,BE - KS
395,BE AEROSPACE INC.,3879,Smoke Goggles for Sweep-on 2000 Crew Oxygen Mask,118077,,,BE - KS
396,BE AEROSPACE INC.,3880,"Crew Mask, Sweep-on 2000 W/ Auto Dil. Valve Electrec Mic",174232-93,,,BE - KS
397,BE AEROSPACE INC.,3881,"Stowage Box Assy (Sweep-On 2000, Black, 6.0 Depth)",1186F6-23,,,BE - KS
398,BE AEROSPACE INC.,4421,Passenger Oxygen Mask,174097-11,,,BE - KS
399,BE AEROSPACE INC.,4590,PASSENGER OXYGEN MASK,174097-XX,,,BE - KS
400,BE AEROSPACE INC.,4776,PBE,119003-21,,,BE - KS
401,BE AEROSPACE INC.,4779,"Box, Mask Stowage (Sweep-On Fullface)",118916-1X,,,BE - KS
402,BE AEROSPACE INC.,4781,Stowage Box Assy w/ Auto Mask Signals (Full face mask),1185N9-14,,,BE - KS
403,BE AEROSPACE INC.,4782,Stowage Box Assy w/ Shutoff (Full face mask - Dark Blue) ,118336-24,,,BE - KS
404,BE AEROSPACE INC.,4783,Sweep On 2000 Crew Mask,17426x-xx series,,,BE - KS
405,BE AEROSPACE INC.,4784,Smoke Goggles,118077,,,BE - KS
406,BE AEROSPACE INC.,4801,Crew Mask Fullface,174692-94,,,BE - KS
407,BE AEROSPACE INC.,4802,Stowage Box Assembly,1187A6-27,,,BE - KS
408,BE AEROSPACE SYSTEMS GMBH,4450,Crewmember Protective Breathing Equipment OXYCREW,E28180-(XX)-(YYYY),,,BE - GERMANY
409,BRICE MANUFACTURING COMPANY INC,2117,"Seat Assembly, Double Standard",70510-401-( ),,,BRICE
410,BRICE MANUFACTURING COMPANY INC,2118,"Seat Assembly, Double Standard",70510-402-( ),,,BRICE
411,BRICE MANUFACTURING COMPANY INC,2119,"Seat Assembly, Triple Standard",70510-403-( ),,,BRICE
412,BRICE MANUFACTURING COMPANY INC,2120,"Seat Assembly, Triple Standard",70510-404-( ),,,BRICE
413,BRICE MANUFACTURING COMPANY INC,2121,"Seat Assembly, Quad. Center Standard",70510-405-( ),,,BRICE
414,BRICE MANUFACTURING COMPANY INC,2122,"Seat Assembly, Double Front Row",70511-401-( ),,,BRICE
415,BRICE MANUFACTURING COMPANY INC,2123,"Seat Assembly, Double Front Row",70511-402-( ),,,BRICE
416,BRICE MANUFACTURING COMPANY INC,2124,"Seat Assembly, Triple Front Row",70511-403-( ),,,BRICE
417,BRICE MANUFACTURING COMPANY INC,2125,"Seat Assembly, Triple Front Row",70511-404-( ),,,BRICE
418,BRICE MANUFACTURING COMPANY INC,2126,"Seat Assembly, Triple W/IAT",70511-405-( ),,,BRICE
419,BRICE MANUFACTURING COMPANY INC,2127,"Seat Assembly, Triple W/IAT",70511-406-( ),,,BRICE
420,BRICE MANUFACTURING COMPANY INC,2128,"Seat Assembly, Triple Center Front Row",70511-407-( ),,,BRICE
421,BRICE MANUFACTURING COMPANY INC,2129,"Seat Assembly, Quad. Center Front Row",70511-409-( ),,,BRICE
422,BRIDGESTONE CORPORATION,4694,Main Landing Gear Tire,APR04270,,,BRIDGESTONE
423,BRIDGESTONE CORPORATION,4695,Nose Landing Gear Tire,APR01220,,,BRIDGESTONE
424,BRIDGESTONE CORPORATION,4696,Main Landing Gear Tire,APR04220,,,BRIDGESTONE
425,BRIDGESTONE CORPORATION,4777,H38 x 13.0R18,APR04250,,,BRIDGESTONE
426,C&D ZODIAC,4276,Double Standard Seat Assembly,41192057-101,,,ZODIAC - CUCAMONGA
427,C&D ZODIAC,4277,Double Standard Seat Assembly,41192057-102,,,ZODIAC - CUCAMONGA
428,C&D ZODIAC,4278,Double FWD Exit Row Seat Assembly,41192057-103,,,ZODIAC - CUCAMONGA
429,C&D ZODIAC,4279,Double FWD Exit Row Seat Assembly,41192057-104,,,ZODIAC - CUCAMONGA
430,C&D ZODIAC,4280,Double AFT Exit Seat Assembly,41192057-105,,,ZODIAC - CUCAMONGA
431,C&D ZODIAC,4281,Double AFT Exit Seat Assembly,41192057-106,,,ZODIAC - CUCAMONGA
432,C&D ZODIAC,4282,Double Last Row Seat Assembly,41192057-107,,,ZODIAC - CUCAMONGA
433,C&D ZODIAC,4283,Double Last Row Seat Assembly,41192057-108,,,ZODIAC - CUCAMONGA
434,C&D ZODIAC,4284,"Double Last Row Seat Assembly, with Seat Blocking Device",41192057-109,,,ZODIAC - CUCAMONGA
435,C&D ZODIAC,4285,Double Y-Belt Row Seat Assembly,41192057-111,,,ZODIAC - CUCAMONGA
436,C&D ZODIAC,4286,Double Y-Belt Row Seat Assembly,41192057-112,,,ZODIAC - CUCAMONGA
437,C&D ZODIAC,4287,Double Y-Belt Row Seat Assembly,41192057-113,,,ZODIAC - CUCAMONGA
438,C&D ZODIAC,4288,Double Y-Belt Row Seat Assembly,41192057-114,,,ZODIAC - CUCAMONGA
439,C&D ZODIAC,4289,Double Front Row Seat Assembly,41202057-101,,,ZODIAC - CUCAMONGA
440,C&D ZODIAC,4290,Double Front Row Seat Assembly,41202057-102,,,ZODIAC - CUCAMONGA
441,C&D ZODIAC,4291,"LH F/C Single Seat Assembly, Front Row",41402019-101,,,ZODIAC - CUCAMONGA
442,C&D ZODIAC,4292,LH F/C Single Seat Assembly,41402019-103,,,ZODIAC - CUCAMONGA
443,C&D ZODIAC,4293,"RH F/C Double Seat Assembly, Front Row",41412019-101,,,ZODIAC - CUCAMONGA
444,C&D ZODIAC,4294,RH F/C Double Seat Assembly,41412019-103,,,ZODIAC - CUCAMONGA
445,C&D ZODIAC,4295,"RH F/C Double Seat Assembly, AFT",41412019-105,,,ZODIAC - CUCAMONGA
446,C&D ZODIAC,4296,Double Standard Seat Assembly,41192056-101,,,ZODIAC - CUCAMONGA
447,C&D ZODIAC,4297,Double Standard Seat Assembly,41192056-102,,,ZODIAC - CUCAMONGA
448,C&D ZODIAC,4298,Double FWD Exit Seat Assembly,41192056-103,,,ZODIAC - CUCAMONGA
449,C&D ZODIAC,4299,Double FWD Exit Seat Assembly,41192056-104,,,ZODIAC - CUCAMONGA
450,C&D ZODIAC,4300,Double AFT Exit Seat Assembly,41192056-105,,,ZODIAC - CUCAMONGA
451,C&D ZODIAC,4301,Double AFT Exit Seat Assembly,41192056-106,,,ZODIAC - CUCAMONGA
452,EASTERN AERO MARINE,4504,LIFE PRESERVER SERIES,P01202-( ),,,EASTERN
453,C&D ZODIAC,4303,Double Last Row Seat Assembly,41192056-107,,,ZODIAC - CUCAMONGA
454,C&D ZODIAC,4304,Double Last Row Seat Assembly,41192056-108,,,ZODIAC - CUCAMONGA
455,C&D ZODIAC,4305,Double Front Row Seat Assembly,41202056-102,,,ZODIAC - CUCAMONGA
456,C&D ZODIAC,4306,Double Front Row Seat Assembly,41202056-103,,,ZODIAC - CUCAMONGA
457,C&D ZODIAC,4307,AFT Attendant Seat (FWD Facing),41142001-177,,,ZODIAC - CUCAMONGA
458,C&D ZODIAC,4311,"RH F/C Double Seat, Front Row",41413001-101,,,ZODIAC - CUCAMONGA
459,C&D ZODIAC,4312,RH F/C Double Seat,41413001-103,,,ZODIAC - CUCAMONGA
460,C&D ZODIAC,4313,"RH F/C Double Seat, Last Row",41413001-105,,,ZODIAC - CUCAMONGA
461,C&D ZODIAC,4328,DOUBLE STANDARD SEAT ASSEMBLY,41192060-101,,,ZODIAC - CUCAMONGA
462,C&D ZODIAC,4329,DOUBLE STANDARD SEAT ASSEMBLY,41192060-102,,,ZODIAC - CUCAMONGA
463,C&D ZODIAC,4330,DOUBLE LAST ROW SEAT ASSEMBLY,41192060-103,,,ZODIAC - CUCAMONGA
464,C&D ZODIAC,4331,DOUBLE LAST ROW SEAT ASSEMBLY,41192060-104,,,ZODIAC - CUCAMONGA
465,C&D ZODIAC,4332,DOUBLE FRONT ROW SEAT ASSEMBLY,41202060-101,,,ZODIAC - CUCAMONGA
466,C&D ZODIAC,4333,DOUBLE FRONT ROW SEAT ASSEMBLY,41202060-102,,,ZODIAC - CUCAMONGA
467,C&D ZODIAC,4334,DOUBLE FRONT ROW SEAT ASSEMBLY,41202013-103,,,ZODIAC - CUCAMONGA
468,C&D ZODIAC,4335,DOUBLE FRONT ROW SEAT ASSEMBLY,41202013-104,,,ZODIAC - CUCAMONGA
469,C&D ZODIAC,4344,"Double Attendant Seat, AFT Facing",41461001-123,,,ZODIAC - CUCAMONGA
470,C&D ZODIAC,4345,"Double Standard Seat Assembly, Y-Belt, Sliding Tables",41192021-111,,,ZODIAC - CUCAMONGA
471,C&D ZODIAC,4346,"Double Standard Seat Assembly, Y-Belt, Sliding Tables",41192021-112,,,ZODIAC - CUCAMONGA
472,C&D ZODIAC,4347,"Double Standard Seat Assembly, Y-Belt",41192021-113,,,ZODIAC - CUCAMONGA
473,C&D ZODIAC,4348,"Double Standard Seat Assembly, Y-Belt",41192021-114,,,ZODIAC - CUCAMONGA
474,C&D ZODIAC,4350,"Double Standard Seat Assembly, Sliding Tables",41202021-103,,,ZODIAC - CUCAMONGA
475,C&D ZODIAC,4351,"Double Standard Seat Assembly, Sliding Tables",41202021-104,,,ZODIAC - CUCAMONGA
476,C&D ZODIAC,4352,"Double Attendant Seat, AFT Facing",41461001-117,,,ZODIAC - CUCAMONGA
477,C&D ZODIAC,4353,"Double Attendant Seat, AFT Facing",41461001-119,,,ZODIAC - CUCAMONGA
478,C&D ZODIAC,4354,AFT Attendant Seat (AFT Facing),41131001-247,,,ZODIAC - CUCAMONGA
479,C&D ZODIAC,4355,AFT Attendant Seat (FWD Facing),41142001-179,,,ZODIAC - CUCAMONGA
480,C&D ZODIAC,4356,Standard Bottom Cushion Assembly,41401025-541,,,ZODIAC - CUCAMONGA
481,C&D ZODIAC,4363,LH F/C Front Row Single Seat Assembly,41402021-101,,,ZODIAC - CUCAMONGA
482,C&D ZODIAC,4364,LH F/C Standard Single Seat Assembly,41402021-103,,,ZODIAC - CUCAMONGA
483,C&D ZODIAC,4365,LH F/C Last Row Single Seat Assembly,41402021-105,,,ZODIAC - CUCAMONGA
484,C&D ZODIAC,4366,RH F/C Front Row Double Seat Assembly,41412021-101,,,ZODIAC - CUCAMONGA
485,C&D ZODIAC,4367,RH F/C Standard Double Seat Assembly,41412021-103,,,ZODIAC - CUCAMONGA
486,C&D ZODIAC,4368,RH F/C Last Row Double Seat Assembly,41412021-105,,,ZODIAC - CUCAMONGA
487,C&D ZODIAC,4370,Standard Bottom Cushion Assembly,41191012-( ),,,ZODIAC - CUCAMONGA
488,C&D ZODIAC,4371,Standard Bottom Cushion Assembly,41191142-( ),,,ZODIAC - CUCAMONGA
489,C&D ZODIAC,4372,Double Standard Seat Assembly,4119( )-( ),,,ZODIAC - CUCAMONGA
490,C&D ZODIAC,4373,Double Front Row Seat Assembly,4120( )-( ),,,ZODIAC - CUCAMONGA
491,C&D ZODIAC,4374,RH F/C Double Seat,41413012-101,,,ZODIAC - CUCAMONGA
492,C&D ZODIAC,4375,LH F/C Single  Seat Assembly,41402022-101,,,ZODIAC - CUCAMONGA
493,C&D ZODIAC,4376,RH F/C Double  Seat Assembly,41413022-101,,,ZODIAC - CUCAMONGA
494,C&D ZODIAC,4415,Standard Bottom Cushion Assembly,41571121-( )-( ),,,ZODIAC - CUCAMONGA
495,C&D ZODIAC,4416,"Double  Attendant Seat, AFT Facing",4146( )-( ),,,ZODIAC - CUCAMONGA
496,C&D ZODIAC,4417,LH F/C Single Seat Assembly,4140( )-( ),,,ZODIAC - CUCAMONGA
497,C&D ZODIAC,4418,RH F/C Double Seat Assembly,4141( )-( ),,,ZODIAC - CUCAMONGA
498,C&D ZODIAC,4419,Fwd Attendant Seat (Aft Facing),4113( )-( ),,,ZODIAC - CUCAMONGA
499,C&D ZODIAC,4420,Aft Attendant Seat (Aft Facing),4113( )-( ),,,ZODIAC - CUCAMONGA
500,C&D ZODIAC,4455,Aft Attendant Seat (Fwd Facing),4114( )-( ),,,ZODIAC - CUCAMONGA
501,C&D ZODIAC,4456,Fwd Attendant Seat (Aft Facing),4115( )-( ),,,ZODIAC - CUCAMONGA
502,C&D ZODIAC,4457,Side Mounted Attendant Seat (Aft Facing),4116( )-( ),,,ZODIAC - CUCAMONGA
503,C&D ZODIAC,4458,Standard Bottom Cushion Assembly,41401025-( ),,,ZODIAC - CUCAMONGA
504,C&D ZODIAC,4814,Assentos de passageiros,4189()-(),,,ZODIAC - CUCAMONGA
505,C&D ZODIAC,2919,Passenger Seat,41072001-103,,,ZODIAC - ONTARIO
506,C&D ZODIAC,2920,Standard Bottom Cushion Assembly,41031012-639,,,ZODIAC - ONTARIO
507,C&D ZODIAC,2921,Bottom Cushion Assembly,41031361-509,,,ZODIAC - ONTARIO
508,C&D ZODIAC,2922,Bottom Cushion Assembly,41031361-511,,,ZODIAC - ONTARIO
509,C&D ZODIAC,2923,Standard Bottom Cushion Assembly,41031436-501,,,ZODIAC - ONTARIO
510,C&D ZODIAC,2924,Standard Bottom Cushion Assembly,41031436-503,,,ZODIAC - ONTARIO
511,C&D ZODIAC,2925,Exit Bottom Cushion Assembly,41031437-501,,,ZODIAC - ONTARIO
512,C&D ZODIAC,2926,Exit Bottom Cushion Assembly,41031437-503,,,ZODIAC - ONTARIO
513,C&D ZODIAC,2927,Exit Bottom Cushion Assembly,41031438-501,,,ZODIAC - ONTARIO
514,C&D ZODIAC,2928,"Double, Exit Row Seat Assembly - Gray",41032001-145,,,ZODIAC - ONTARIO
515,C&D ZODIAC,2929,"Double, Exit Row Seat Assembly - Blue",41032001-155,,,ZODIAC - ONTARIO
516,C&D ZODIAC,2930,Double Seat Standard,41032002-121,,,ZODIAC - ONTARIO
517,C&D ZODIAC,2931,Double Seat (Sliding Table),41032002-123,,,ZODIAC - ONTARIO
518,C&D ZODIAC,2932,"Double Seat Exit Row, Short Armrest",41032002-125,,,ZODIAC - ONTARIO
519,C&D ZODIAC,2933,Double Seat Last Row (No Food Table),41032002-127,,,ZODIAC - ONTARIO
520,C&D ZODIAC,2936,Double Standard  Seat,41032021-111,,,ZODIAC - ONTARIO
521,C&D ZODIAC,2937,Double Standard Seat,41032021-113,,,ZODIAC - ONTARIO
522,C&D ZODIAC,2938,Double Exit Row Seat,41032021-115,,,ZODIAC - ONTARIO
523,C&D ZODIAC,2939,Double Last Row Seat,41032021-117,,,ZODIAC - ONTARIO
524,C&D ZODIAC,2947,Double Standard Seat Assembly,41032033-111,,,ZODIAC - ONTARIO
525,C&D ZODIAC,2948,Double Standard Seat Assembly,41032033-113,,,ZODIAC - ONTARIO
526,C&D ZODIAC,2949,Double Standard Seat Assembly,41032033-115,,,ZODIAC - ONTARIO
527,C&D ZODIAC,2950,Double Standard Seat Assembly,41032033-117,,,ZODIAC - ONTARIO
528,C&D ZODIAC,2951,"Double Seat, Standard",41032041-101,,,ZODIAC - ONTARIO
529,C&D ZODIAC,2952,"Double Seat, Sliding Food Table",41032041-103,,,ZODIAC - ONTARIO
530,C&D ZODIAC,2953,"Double Seat, Exit Row, Short Armrest, 'Y' Belt",41032041-105,,,ZODIAC - ONTARIO
531,C&D ZODIAC,2954,"Double Seat, Last Row, No Food Tray",41032041-107,,,ZODIAC - ONTARIO
532,C&D ZODIAC,2955,"Single, Exit Row Seat Assembly - Gray",41042001-145,,,ZODIAC - ONTARIO
533,C&D ZODIAC,2956,"Single, Exit Row Seat Assembly - Blue",41042001-155,,,ZODIAC - ONTARIO
534,C&D ZODIAC,2957,Single Seat Standard,41042002-121,,,ZODIAC - ONTARIO
535,C&D ZODIAC,2958,Single Seat Standard (Sliding Table),41042002-123,,,ZODIAC - ONTARIO
536,C&D ZODIAC,2959,"Single Seat Exit Row, Short Armrest",41042002-125,,,ZODIAC - ONTARIO
537,C&D ZODIAC,2960,Single Seat Last Row (No Food Table),41042002-127,,,ZODIAC - ONTARIO
538,C&D ZODIAC,2963,Single Standard Seat,41042021-111,,,ZODIAC - ONTARIO
539,C&D ZODIAC,2964,Single Standard Seat,41042021-113,,,ZODIAC - ONTARIO
540,C&D ZODIAC,2965,Single Exit Row Seat,41042021-115,,,ZODIAC - ONTARIO
541,C&D ZODIAC,2966,Single Last Row Seat,41042021-117,,,ZODIAC - ONTARIO
542,C&D ZODIAC,2974,Single Front Row Seat Assembly,41042033-111,,,ZODIAC - ONTARIO
543,C&D ZODIAC,2975,Single Front Row Seat Assembly,41042033-113,,,ZODIAC - ONTARIO
544,C&D ZODIAC,2976,Single Front Row Seat Assembly,41042033-115,,,ZODIAC - ONTARIO
545,C&D ZODIAC,2977,Single Front Row Seat Assembly,41042033-117,,,ZODIAC - ONTARIO
546,C&D ZODIAC,2978,"Single Seat, Standard",41042041-101,,,ZODIAC - ONTARIO
547,C&D ZODIAC,2979,"Single Seat, Sliding Food Table",41042041-103,,,ZODIAC - ONTARIO
548,C&D ZODIAC,2980,"Single Seat, Exit Row, Short Armrest, 'Y' Belt",41042041-105,,,ZODIAC - ONTARIO
549,C&D ZODIAC,2981,"Single Seat, Last Row, No Food Tray",41042041-107,,,ZODIAC - ONTARIO
550,C&D ZODIAC,2982,Double Seat Front Row,41072002-107,,,ZODIAC - ONTARIO
551,C&D ZODIAC,2983,Double Front Row,41072002-109,,,ZODIAC - ONTARIO
552,C&D ZODIAC,2984,Double Front Row Seat,41072021-105,,,ZODIAC - ONTARIO
553,C&D ZODIAC,2985,Double Front Row Seat Assembly,41072033-105,,,ZODIAC - ONTARIO
554,C&D ZODIAC,2986,"Double Seat, Front Row",41072041-101,,,ZODIAC - ONTARIO
555,C&D ZODIAC,2987,Single Seat Front Row,41082002-105,,,ZODIAC - ONTARIO
556,C&D ZODIAC,2988,Single Front Row Seat,41082021-103,,,ZODIAC - ONTARIO
557,C&D ZODIAC,2989,Single Front Row Seat Assembly,41082033-103,,,ZODIAC - ONTARIO
558,C&D ZODIAC,2990,"Single Seat, Front Row",41082041-101,,,ZODIAC - ONTARIO
559,C&D ZODIAC,2991,Observer Seat,41102001-101,,,ZODIAC - ONTARIO
560,C&D ZODIAC,2992,Flight Attendant Seat,41102001-103,,,ZODIAC - ONTARIO
561,C&D ZODIAC,2993,Bottom Cushion Assembly,41121012-501,,,ZODIAC - ONTARIO
562,C&D ZODIAC,2994,LH T/C Double Standard Seat Assembly,41122002-101,,,ZODIAC - ONTARIO
563,C&D ZODIAC,2995,RH T/C Double Standard Seat Assembly,41122002-102,,,ZODIAC - ONTARIO
564,C&D ZODIAC,2996,LH T/C Double AFT Row Seat Assembly,41122002-103,,,ZODIAC - ONTARIO
565,C&D ZODIAC,2997,RH T/C Double AFT Row Seat Assembly ,41122002-104,,,ZODIAC - ONTARIO
566,C&D ZODIAC,2998,Flight Attendant Seat,41131001-101,,,ZODIAC - ONTARIO
567,C&D ZODIAC,2999,Flight Attendant Seat,41131001-101,,,ZODIAC - ONTARIO
568,C&D ZODIAC,3000,Flight Attendant Seat,41131001-105,,,ZODIAC - ONTARIO
569,C&D ZODIAC,3001,Flight Attendant Seat,41131001-105,,,ZODIAC - ONTARIO
570,C&D ZODIAC,3002,Flight Attendant Seat,41131001-109,,,ZODIAC - ONTARIO
571,C&D ZODIAC,3003,Flight Attendant Seat,41131001-109,,,ZODIAC - ONTARIO
572,C&D ZODIAC,3004,Flight Attendant Seat,41131001-111,,,ZODIAC - ONTARIO
573,C&D ZODIAC,3005,Flight Attendant Seat,41131001-111,,,ZODIAC - ONTARIO
574,C&D ZODIAC,3006,Flight Attendant Seat,41131001-113,,,ZODIAC - ONTARIO
575,C&D ZODIAC,3007,Flight Attendant Seat,41131001-113,,,ZODIAC - ONTARIO
576,C&D ZODIAC,3008,Flight Attendant Seat,41131001-115,,,ZODIAC - ONTARIO
577,C&D ZODIAC,3009,Fwd Flight Attendant Seat,41131001-115,,,ZODIAC - ONTARIO
578,C&D ZODIAC,3010,Flight Attendant Seat (AFT Facing) ,41131001-117,,,ZODIAC - ONTARIO
579,C&D ZODIAC,3011,Flight Attendant Seat (AFT Facing) ,41131001-119,,,ZODIAC - ONTARIO
580,C&D ZODIAC,3012,FWD Attendant Seat (AFT Facing),41131001-121,,,ZODIAC - ONTARIO
581,C&D ZODIAC,3013,AFT Attendant Seat (AFT Facing),41131001-123,,,ZODIAC - ONTARIO
582,C&D ZODIAC,3014,Flight Attendant Seat,41131001-125,,,ZODIAC - ONTARIO
583,C&D ZODIAC,3015,Flight Attendant Seat (AFT Facing),41131001-127,,,ZODIAC - ONTARIO
584,C&D ZODIAC,3016,AFT Attendant Seat (AFT Facing),41131001-129,,,ZODIAC - ONTARIO
585,C&D ZODIAC,3017,FWD Attendant Seat (AFT Facing),41131001-131,,,ZODIAC - ONTARIO
586,C&D ZODIAC,3018,AFT Attendant Seat (AFT Facing),41131001-133,,,ZODIAC - ONTARIO
587,C&D ZODIAC,3019,AFT Attendant Seat (AFT Facing),41131001-135,,,ZODIAC - ONTARIO
588,C&D ZODIAC,3020,AFT Attendant Seat (AFT Facing),41131001-137,,,ZODIAC - ONTARIO
589,C&D ZODIAC,3021,Flight Attendant Seat,41142001-101,,,ZODIAC - ONTARIO
590,C&D ZODIAC,3022,Flight Attendant Seat,41142001-101,,,ZODIAC - ONTARIO
591,C&D ZODIAC,3023,Flight Attendant Seat,41142001-103,,,ZODIAC - ONTARIO
592,C&D ZODIAC,3024,Flight Attendant Seat,41142001-103,,,ZODIAC - ONTARIO
593,C&D ZODIAC,3025,Flight Attendant Seat,41142001-105,,,ZODIAC - ONTARIO
594,C&D ZODIAC,3026,Flight Attendant Seat,41142001-105,,,ZODIAC - ONTARIO
595,C&D ZODIAC,3027,Flight Attendant Seat,41142001-107,,,ZODIAC - ONTARIO
596,C&D ZODIAC,3028,Flight Attendant Seat,41142001-107,,,ZODIAC - ONTARIO
597,C&D ZODIAC,3029,Aft Flight Attendant Seat,41142001-109,,,ZODIAC - ONTARIO
598,C&D ZODIAC,3030,Flight Attendant Seat,41142001-109,,,ZODIAC - ONTARIO
599,C&D ZODIAC,3031,AFT Attendant Seat (Forward Facing),41142001-111,,,ZODIAC - ONTARIO
600,C&D ZODIAC,3032,AFT Attendant Seat (FWD Facing),41142001-113,,,ZODIAC - ONTARIO
601,C&D ZODIAC,3033,Flight Attendant Seat,41142001-115,,,ZODIAC - ONTARIO
602,C&D ZODIAC,3034,AFT Attendant Seat (FWD Facing),41142001-117,,,ZODIAC - ONTARIO
603,C&D ZODIAC,3035,FWD Attendant Seat (FWD Facing),41142001-119,,,ZODIAC - ONTARIO
604,C&D ZODIAC,3036,Flight Attendant Seat,41151001-101,,,ZODIAC - ONTARIO
605,C&D ZODIAC,3037,Forward Flight Attendant Seat,41151001-101,,,ZODIAC - ONTARIO
606,C&D ZODIAC,3038,Flight Attendant Seat,41151001-103,,,ZODIAC - ONTARIO
607,C&D ZODIAC,3039,Forward Flight Attendant Seat,41151001-103,,,ZODIAC - ONTARIO
608,C&D ZODIAC,3040,FWD Attendant Seat (AFT Facing),41151001-105,,,ZODIAC - ONTARIO
609,C&D ZODIAC,3041,Bottom Cushion Assembly,41191012-501,,,ZODIAC - ONTARIO
610,C&D ZODIAC,3042,Bottom Cushion Assembly,41191012-503,,,ZODIAC - ONTARIO
611,C&D ZODIAC,3043,Bottom Cushion Assembly,41191142-501,,,ZODIAC - ONTARIO
612,C&D ZODIAC,3044,Bottom Cushion Assembly,41191142-503,,,ZODIAC - ONTARIO
613,C&D ZODIAC,3045,Bottom Cushion Assembly,41191142-505,,,ZODIAC - ONTARIO
614,C&D ZODIAC,3046,Standard Bottom Cushion Assembly,41191142-507,,,ZODIAC - ONTARIO
615,C&D ZODIAC,3047,Bottom Cushion Assembly,41191142-509,,,ZODIAC - ONTARIO
616,C&D ZODIAC,3048,Standard Bottom Cushion Assembly,41191142-513,,,ZODIAC - ONTARIO
617,C&D ZODIAC,3049,Flotation Seat Bottom Cushion Assembly,41191142-515,,,ZODIAC - ONTARIO
618,C&D ZODIAC,3050,Flotation Seat Bottom Cushion Assembly,41191142-517,,,ZODIAC - ONTARIO
619,C&D ZODIAC,3051,Flotation Seat Bottom Cushion Assemby,41191142-519,,,ZODIAC - ONTARIO
620,C&D ZODIAC,3052,Standard Bottom Cushion Assembly,41191142-521,,,ZODIAC - ONTARIO
621,C&D ZODIAC,3053,Standard Bottom Cushion Assembly,41191142-523,,,ZODIAC - ONTARIO
622,C&D ZODIAC,3054,Standard Bottom Cushion Assembly,41191142-525,,,ZODIAC - ONTARIO
623,C&D ZODIAC,3055,Standard Bottom Cushion Assembly,41191142-527,,,ZODIAC - ONTARIO
624,C&D ZODIAC,3056,Standard Bottom Cushion Assembly,41191142-529,,,ZODIAC - ONTARIO
625,C&D ZODIAC,3057,"Double, Seat Assembly",41192001-101,,,ZODIAC - ONTARIO
626,C&D ZODIAC,3058,"Double, Seat Assembly",41192001-102,,,ZODIAC - ONTARIO
627,C&D ZODIAC,3059,"Double, Seat Assembly",41192001-103,,,ZODIAC - ONTARIO
628,C&D ZODIAC,3060,"Double, Seat Assembly",41192001-104,,,ZODIAC - ONTARIO
629,C&D ZODIAC,3061,"Double, Standard Seat Assembly",41192003-101,,,ZODIAC - ONTARIO
630,C&D ZODIAC,3062,"Double, Standard Seat Assembly",41192003-102,,,ZODIAC - ONTARIO
631,C&D ZODIAC,3063,"Double, Standard Seat Assembly",41192003-103,,,ZODIAC - ONTARIO
632,C&D ZODIAC,3064,"Double, Standard Seat Assembly",41192003-104,,,ZODIAC - ONTARIO
633,C&D ZODIAC,3065,"Double, Standard Seat",41192004-101,,,ZODIAC - ONTARIO
634,C&D ZODIAC,3066,"Double, Standard Seat",41192004-102,,,ZODIAC - ONTARIO
635,C&D ZODIAC,3067,"Double, Standard Seat",41192004-103,,,ZODIAC - ONTARIO
636,C&D ZODIAC,3068,"Double, Standard Seat",41192004-104,,,ZODIAC - ONTARIO
637,C&D ZODIAC,3069,"Double, Standard Seat",41192005-101,,,ZODIAC - ONTARIO
638,C&D ZODIAC,3070,"Double, Standard Seat",41192005-102,,,ZODIAC - ONTARIO
639,C&D ZODIAC,3071,"Double, Passenger Seat",41192006-101,,,ZODIAC - ONTARIO
640,C&D ZODIAC,3072,"Double, Passenger Seat",41192006-102,,,ZODIAC - ONTARIO
641,C&D ZODIAC,3073,Double Passenger Seat,41192006-103,,,ZODIAC - ONTARIO
642,C&D ZODIAC,3074,"Double, Passenger Seat",41192006-104,,,ZODIAC - ONTARIO
643,C&D ZODIAC,3075,Double Standard Seat Assembly,41192006-111,,,ZODIAC - ONTARIO
644,C&D ZODIAC,3076,Double Standard Seat Assembly,41192006-112,,,ZODIAC - ONTARIO
645,C&D ZODIAC,3077,"Double Seat, Standard",41192007-101,,,ZODIAC - ONTARIO
646,C&D ZODIAC,3078,"Double Seat, Standard",41192007-102,,,ZODIAC - ONTARIO
647,C&D ZODIAC,3079,"Double Seat, Standard (No Food Tray)",41192007-103,,,ZODIAC - ONTARIO
648,C&D ZODIAC,3080,"Double Seat, Standard (No Food Tray)",41192007-104,,,ZODIAC - ONTARIO
649,C&D ZODIAC,3081,"Double Standard, Seat Assembly",41192008-101,,,ZODIAC - ONTARIO
650,C&D ZODIAC,3082,"Double Standard, Seat Assembly",41192008-102,,,ZODIAC - ONTARIO
651,C&D ZODIAC,3083,"Double FWD Exit, Seat Assembly",41192008-103,,,ZODIAC - ONTARIO
652,C&D ZODIAC,3084,"Double FWD Exit, Seat Assembly",41192008-104,,,ZODIAC - ONTARIO
653,C&D ZODIAC,3085,"Double Exit, Seat Assembly",41192008-105,,,ZODIAC - ONTARIO
654,C&D ZODIAC,3086,"Double Exit, Seat Assembly",41192008-106,,,ZODIAC - ONTARIO
655,C&D ZODIAC,3087,"Double Last Row, Seat Assembly",41192008-107,,,ZODIAC - ONTARIO
656,C&D ZODIAC,3088,"Double Last Row, Seat Assembly",41192008-108,,,ZODIAC - ONTARIO
657,C&D ZODIAC,3089,Double Standard Seat Assembly,41192010-101,,,ZODIAC - ONTARIO
658,C&D ZODIAC,3090,Double Standard Seat Assembly,41192010-102,,,ZODIAC - ONTARIO
659,C&D ZODIAC,3091,Double FWD Exit Seat Assembly,41192010-103,,,ZODIAC - ONTARIO
660,C&D ZODIAC,3092,Double FWD Exit Seat Assembly,41192010-104,,,ZODIAC - ONTARIO
661,C&D ZODIAC,3093,Double AFT Exit Seat Assembly,41192010-105,,,ZODIAC - ONTARIO
662,C&D ZODIAC,3094,Double AFT Exit Seat Assembly,41192010-106,,,ZODIAC - ONTARIO
663,C&D ZODIAC,3095,Double Last Row Seat Assembly,41192010-107,,,ZODIAC - ONTARIO
664,C&D ZODIAC,3096,Double Last Row Seat Assembly,41192010-108,,,ZODIAC - ONTARIO
665,C&D ZODIAC,3097,Double Standard Seat Assembly,41192011-101,,,ZODIAC - ONTARIO
666,C&D ZODIAC,3098,Double Standard Seat Assembly,41192011-102,,,ZODIAC - ONTARIO
667,C&D ZODIAC,3099,Double FWD Exit Seat Assembly,41192011-103,,,ZODIAC - ONTARIO
668,C&D ZODIAC,3100,Double FWD Exit Seat Assembly,41192011-104,,,ZODIAC - ONTARIO
669,C&D ZODIAC,3101,Double Exit Row Seat Assembly,41192011-105,,,ZODIAC - ONTARIO
670,C&D ZODIAC,3102,Double Exit Row Seat Assembly,41192011-106,,,ZODIAC - ONTARIO
671,C&D ZODIAC,3103,Double Last Row Seat Assembly,41192011-107,,,ZODIAC - ONTARIO
672,C&D ZODIAC,3104,Double Last Row Seat Assembly,41192011-108,,,ZODIAC - ONTARIO
673,C&D ZODIAC,3105,"Double, Standard Seat",41192012-101,,,ZODIAC - ONTARIO
674,C&D ZODIAC,3106,"Double, Standard Seat",41192012-102,,,ZODIAC - ONTARIO
675,C&D ZODIAC,3107,"Double, Standard Seat, Last Row",41192012-103,,,ZODIAC - ONTARIO
676,C&D ZODIAC,3108,"Double, Standard Seat, Last Row",41192012-104,,,ZODIAC - ONTARIO
677,C&D ZODIAC,3109,"Double, Standard Seat",41192013-101,,,ZODIAC - ONTARIO
678,C&D ZODIAC,3110,"Double, Standard Seat",41192013-102,,,ZODIAC - ONTARIO
679,C&D ZODIAC,3111,"Double, Standard Seat, Last Row",41192013-103,,,ZODIAC - ONTARIO
680,C&D ZODIAC,3112,"Double, Standard Seat, Last Row",41192013-104,,,ZODIAC - ONTARIO
681,C&D ZODIAC,3113,"Double, Standard Seat Assembly",41192014-101,,,ZODIAC - ONTARIO
682,C&D ZODIAC,3114,"Double, Standard Seat Assembly",41192014-102,,,ZODIAC - ONTARIO
683,C&D ZODIAC,3115,"Double, Last Row Seat Assembly",41192014-103,,,ZODIAC - ONTARIO
684,C&D ZODIAC,3116,"Double, Last Row Seat Assembly",41192014-104,,,ZODIAC - ONTARIO
685,C&D ZODIAC,3117,Fwd. Exit Row Double Seat,41192014-105,,,ZODIAC - ONTARIO
686,C&D ZODIAC,3118,Fwd. Exit Row Double Seat,41192014-106,,,ZODIAC - ONTARIO
687,C&D ZODIAC,3119,Aft Exit Row Double Seat,41192014-107,,,ZODIAC - ONTARIO
688,C&D ZODIAC,3120,Aft Exit Row Double Seat,41192014-108,,,ZODIAC - ONTARIO
689,C&D ZODIAC,3121,Double Standard Seat Assembly,41192015-101,,,ZODIAC - ONTARIO
690,C&D ZODIAC,3122,Double Standard Seat Assembly,41192015-102,,,ZODIAC - ONTARIO
691,C&D ZODIAC,3123,Double Standard Seat Assembly,41192016-101,,,ZODIAC - ONTARIO
692,C&D ZODIAC,3124,Double Standard Seat Assembly,41192016-102,,,ZODIAC - ONTARIO
693,C&D ZODIAC,3125,Double Last Row Seat Assembly,41192016-103,,,ZODIAC - ONTARIO
694,C&D ZODIAC,3126,Double Last Row Seat Assembly,41192016-104,,,ZODIAC - ONTARIO
695,C&D ZODIAC,3127,Double Standard Seat Assembly,41192017-101,,,ZODIAC - ONTARIO
696,C&D ZODIAC,3128,Double Standard Seat Assembly,41192017-102,,,ZODIAC - ONTARIO
697,C&D ZODIAC,3129,Double FWD Exit Seat Assembly,41192017-103,,,ZODIAC - ONTARIO
698,C&D ZODIAC,3130,Double FWD Exit Seat Assembly,41192017-104,,,ZODIAC - ONTARIO
699,C&D ZODIAC,3131,Double Exit Row Seat Assembly,41192017-105,,,ZODIAC - ONTARIO
700,C&D ZODIAC,3132,Double Exit Row Seat Assembly,41192017-106,,,ZODIAC - ONTARIO
701,C&D ZODIAC,3133,"Double, Front Row Seat",41202001-101,,,ZODIAC - ONTARIO
702,C&D ZODIAC,3134,"Double, Front Row Seat",41202001-102,,,ZODIAC - ONTARIO
703,C&D ZODIAC,3135,"Double, Front Row Seat",41202001-103,,,ZODIAC - ONTARIO
704,C&D ZODIAC,3136,"Double, Front Row Seat",41202001-104,,,ZODIAC - ONTARIO
705,C&D ZODIAC,3137,"Double, Front Row Seat Assembly",41202003-101,,,ZODIAC - ONTARIO
706,C&D ZODIAC,3138,"Double, Front Row Seat Assembly",41202003-102,,,ZODIAC - ONTARIO
707,C&D ZODIAC,3139,"Double Seat, Front Row (LH)",41202004-101,,,ZODIAC - ONTARIO
708,C&D ZODIAC,3140,"Double, Front Row Seat",41202004-101,,,ZODIAC - ONTARIO
709,C&D ZODIAC,3141,"Double, Front Row Seat",41202004-102,,,ZODIAC - ONTARIO
710,C&D ZODIAC,3142,"Double, Front Row Seat",41202005-101,,,ZODIAC - ONTARIO
711,C&D ZODIAC,3143,"Double, Front Row Seat",41202005-102,,,ZODIAC - ONTARIO
712,C&D ZODIAC,3144,Front Row Double Passenger Seat,41202006-101,,,ZODIAC - ONTARIO
713,C&D ZODIAC,3145,Front Row Double Passenger Seat,41202006-102,,,ZODIAC - ONTARIO
714,C&D ZODIAC,3146,Double Front Row Seat Assembly,41202006-111,,,ZODIAC - ONTARIO
715,C&D ZODIAC,3147,Double Front Row Seat Assembly,41202006-112,,,ZODIAC - ONTARIO
716,C&D ZODIAC,3148,"Double Seat, Front Row",41202007-101,,,ZODIAC - ONTARIO
717,C&D ZODIAC,3149,"Double Seat, Front Row",41202007-102,,,ZODIAC - ONTARIO
718,C&D ZODIAC,3150,"Double Seat, Front Row",41202007-103,,,ZODIAC - ONTARIO
719,C&D ZODIAC,3151,"Double Seat, Front Row",41202007-104,,,ZODIAC - ONTARIO
720,C&D ZODIAC,3152,"Double Front Row, Seat Assembly",41202008-101,,,ZODIAC - ONTARIO
721,C&D ZODIAC,3153,"Double Front Row, Seat Assembly",41202008-102,,,ZODIAC - ONTARIO
722,C&D ZODIAC,3154,Double Front Row Seat Assembly,41202010-101,,,ZODIAC - ONTARIO
723,C&D ZODIAC,3155,Double Front Row Seat Assembly,41202010-102,,,ZODIAC - ONTARIO
724,C&D ZODIAC,3156,Double Front Row Seat Assembly,41202010-103,,,ZODIAC - ONTARIO
725,C&D ZODIAC,3157,Double Front Row Seat Assembly,41202010-104,,,ZODIAC - ONTARIO
726,C&D ZODIAC,3158,Double Front Row Seat Assembly,41202011-101,,,ZODIAC - ONTARIO
727,C&D ZODIAC,3159,Double Front Row Seat Assembly,41202011-102,,,ZODIAC - ONTARIO
728,C&D ZODIAC,3160,"Double Seat, Front Row",41202012-101,,,ZODIAC - ONTARIO
729,C&D ZODIAC,3161,"Double Seat, Front Row",41202012-102,,,ZODIAC - ONTARIO
730,C&D ZODIAC,3162,"Double Seat, Front Row",41202013-101,,,ZODIAC - ONTARIO
731,C&D ZODIAC,3163,"Double Seat, Front Row",41202013-102,,,ZODIAC - ONTARIO
732,C&D ZODIAC,3164,"Double, Front Row Seat Assembly",41202014-101,,,ZODIAC - ONTARIO
733,C&D ZODIAC,3165,"Double, Front Row Seat Assembly",41202014-102,,,ZODIAC - ONTARIO
734,C&D ZODIAC,3166,Double Front Row Seat Assembly,41202015-101,,,ZODIAC - ONTARIO
735,C&D ZODIAC,3167,Double Front Row Seat Assembly,41202015-102,,,ZODIAC - ONTARIO
736,C&D ZODIAC,3168,Double Front Row Seat Assembly,41202016-101,,,ZODIAC - ONTARIO
737,C&D ZODIAC,3169,Double Front Row Seat Assembly,41202016-102,,,ZODIAC - ONTARIO
738,C&D ZODIAC,3170,Double Front Row Seat Assembly,41202017-101,,,ZODIAC - ONTARIO
739,C&D ZODIAC,3171,Double Front Row Seat Assembly,41202017-102,,,ZODIAC - ONTARIO
740,C&D ZODIAC,3172,LH T/C Double Front Row Seat,41242002-101,,,ZODIAC - ONTARIO
741,C&D ZODIAC,3173,RH T/C Double Front Row Seat,41242002-102,,,ZODIAC - ONTARIO
742,C&D ZODIAC,3174,Standard Bottom Cushion Assembly,41301012-503,,,ZODIAC - ONTARIO
743,C&D ZODIAC,3175,L/H Single Business Class Seat,41302001-101,,,ZODIAC - ONTARIO
744,C&D ZODIAC,3176,R/H Single Business Class Seat,41302001-102,,,ZODIAC - ONTARIO
745,C&D ZODIAC,3177,R/H Single Exit Row Seat,41302001-103,,,ZODIAC - ONTARIO
746,C&D ZODIAC,3178,Bottom Cushion Assembly,41401025-501,,,ZODIAC - ONTARIO
747,C&D ZODIAC,3179,Flotation Seat Bottom Cushion Assembly,41401025-503,,,ZODIAC - ONTARIO
748,C&D ZODIAC,3180,Flotation Seat Bottom Cushion Assembly,41401025-505,,,ZODIAC - ONTARIO
749,C&D ZODIAC,3181,Standard Bottom Cushion Assembly,41401025-507,,,ZODIAC - ONTARIO
750,C&D ZODIAC,3182,Standard Bottom Cushion Assembly,41401025-509,,,ZODIAC - ONTARIO
751,C&D ZODIAC,3183,Standard Bottom Cushion Assembly,41401025-511,,,ZODIAC - ONTARIO
752,C&D ZODIAC,3184,Single Seat Assembly,41402002-101,,,ZODIAC - ONTARIO
753,C&D ZODIAC,3185,Single Seat Assembly,41402002-103,,,ZODIAC - ONTARIO
754,C&D ZODIAC,3186,LH F/C Single Seat Assembly (FWD),41402003-101,,,ZODIAC - ONTARIO
755,C&D ZODIAC,3187,LH F/C Single Seat Assembly (AFT),41402003-103,,,ZODIAC - ONTARIO
756,EASTERN AERO MARINE,4593,XF-35 LIFE PRESERVERS,P01074-2XX,,,EASTERN
757,C&D ZODIAC,3188,LH F/C Single Seat Assembly,41402004-101,,,ZODIAC - ONTARIO
758,C&D ZODIAC,3189,LH F/C Single Seat,41402005-101,,,ZODIAC - ONTARIO
759,C&D ZODIAC,3190,"LH F/C Single Seat, AFT",41402005-103,,,ZODIAC - ONTARIO
760,C&D ZODIAC,3191,LH F/C Single Seat Assembly,41402006-101,,,ZODIAC - ONTARIO
761,C&D ZODIAC,3192,Single Seat Assembly 'First Class',41402007-101,,,ZODIAC - ONTARIO
762,C&D ZODIAC,3193,Double Seat Assembly,41412002-101,,,ZODIAC - ONTARIO
763,C&D ZODIAC,3194,Double Seat Assembly,41412002-102,,,ZODIAC - ONTARIO
764,C&D ZODIAC,3195,RH F/C Double Seat Assembly (FWD),41412003-101,,,ZODIAC - ONTARIO
765,C&D ZODIAC,3196,RH F/C Double Seat Assembly (AFT),41412003-103,,,ZODIAC - ONTARIO
766,C&D ZODIAC,3197,RH F/C Double Seat Assembly,41412004-101,,,ZODIAC - ONTARIO
767,C&D ZODIAC,3198,RH F/C Double Seat,41412005-101,,,ZODIAC - ONTARIO
768,C&D ZODIAC,3199,RH F/C Double Seat Assembly,41412006-101,,,ZODIAC - ONTARIO
769,C&D ZODIAC,3200,Double Seat Assembly 'First Class',41412007-101,,,ZODIAC - ONTARIO
770,C&D ZODIAC,3201,Forward Facing Seat Assembly,41192019-101,,,ZODIAC - ONTARIO
771,C&D ZODIAC,3202,Forward Facing Seat Assembly,41192019-102,,,ZODIAC - ONTARIO
772,C&D ZODIAC,3203,Forward Facing Seat Assembly,41192019-103,,,ZODIAC - ONTARIO
773,C&D ZODIAC,3204,Forward Facing Seat Assembly,41192019-104,,,ZODIAC - ONTARIO
774,C&D ZODIAC,3205,Forward Facing Seat Assembly,41192019-105,,,ZODIAC - ONTARIO
775,C&D ZODIAC,3206,Forward Facing Seat Assembly,41192019-106,,,ZODIAC - ONTARIO
776,C&D ZODIAC,3207,Forward Facing Seat Assembly,41192019-107,,,ZODIAC - ONTARIO
777,C&D ZODIAC,3208,Forward Facing Seat Assembly,41192019-108,,,ZODIAC - ONTARIO
778,C&D ZODIAC,3209,Forward Facing Seat Assembly,41202019-101,,,ZODIAC - ONTARIO
779,C&D ZODIAC,3210,Forward Facing Seat Assembly,41202019-102,,,ZODIAC - ONTARIO
780,C&D ZODIAC,3211,Forward Facing Seat Assembly,41402009-101,,,ZODIAC - ONTARIO
781,C&D ZODIAC,3212,Forward Facing Seat Assembly,41402009-103,,,ZODIAC - ONTARIO
782,C&D ZODIAC,3213,Forward Facing Seat Assembly,41412009-101,,,ZODIAC - ONTARIO
783,C&D ZODIAC,3214,Forward Facing Seat Assembly,41412009-103,,,ZODIAC - ONTARIO
784,C&D ZODIAC,3215,Forward Facing Seat Assembly,41131001-143,,,ZODIAC - ONTARIO
785,C&D ZODIAC,3216,Forward Facing Seat Assembly,41131001-145,,,ZODIAC - ONTARIO
786,C&D ZODIAC,3217,AFT Attendant Seat (FWD Facing),41142001-123,,,ZODIAC - ONTARIO
787,C&D ZODIAC,3218,Standard Bottom Cushion Assembly,41191142-531,,,ZODIAC - ONTARIO
788,C&D ZODIAC,3219,Standard Bottom Cushion Assembly,41401025-515,,,ZODIAC - ONTARIO
789,C&D ZODIAC,3229,AFT Attendant Seat (FWD Facing),41142001-121,,,ZODIAC - ONTARIO
790,C&D ZODIAC,3230,Seat Assembly,41192005-111,,,ZODIAC - ONTARIO
791,C&D ZODIAC,3231,Seat Assembly,41192005-112,,,ZODIAC - ONTARIO
792,C&D ZODIAC,3232,Seat Assembly,41202005-111,,,ZODIAC - ONTARIO
793,C&D ZODIAC,3233,Seat Assembly,41202005-112,,,ZODIAC - ONTARIO
794,C&D ZODIAC,3234,"Side Mounted Attendant Seat, AFT Facing",41162001-101,,,ZODIAC - ONTARIO
795,C&D ZODIAC,3235,FWD Attendant Seat (AFT Facing),41131001-139,,,ZODIAC - ONTARIO
796,C&D ZODIAC,3236,AFT Attendant Seat (AFT Facing),41131001-141,,,ZODIAC - ONTARIO
797,C&D ZODIAC,3237,FWD Attendand Seat (AFT Facing),41131001-151,,,ZODIAC - ONTARIO
798,C&D ZODIAC,3238,AFT Attendand Seat (AFT Facing),41131001-153,,,ZODIAC - ONTARIO
799,C&D ZODIAC,3239,AFT Attendant Seat (FWD Facing),41142001-127,,,ZODIAC - ONTARIO
800,C&D ZODIAC,3240,Seat Assembly,41122002-105,,,ZODIAC - ONTARIO
801,C&D ZODIAC,3241,Seat Assembly,41122002-106,,,ZODIAC - ONTARIO
802,C&D ZODIAC,3242,Seat Assembly,41122002-107,,,ZODIAC - ONTARIO
803,C&D ZODIAC,3243,Seat Assembly,41122002-108,,,ZODIAC - ONTARIO
804,C&D ZODIAC,3244,Seat Assembly,41122002-109,,,ZODIAC - ONTARIO
805,C&D ZODIAC,3245,Seat Assembly,41122002-110,,,ZODIAC - ONTARIO
806,C&D ZODIAC,3246,Seat Assembly,41242002-103,,,ZODIAC - ONTARIO
807,C&D ZODIAC,3247,Seat Assembly,41242002-104,,,ZODIAC - ONTARIO
808,C&D ZODIAC,3249,FWD Attendant Seat (AFT Facing),41131001-147,,,ZODIAC - ONTARIO
809,C&D ZODIAC,3250,AFT Attendant Seat (AFT Facing),41131001-149,,,ZODIAC - ONTARIO
810,C&D ZODIAC,3251,AFT Attendant Seat (FWD Facing),41142001-125,,,ZODIAC - ONTARIO
811,C&D ZODIAC,3252,Standard Bottom Cushion Assembly,41401025-517,,,ZODIAC - ONTARIO
812,C&D ZODIAC,3253,LH F/C Single Seat Assembly,41402010-101,,,ZODIAC - ONTARIO
813,C&D ZODIAC,3254,RH F/C Double Seat Assembly,41412010-101,,,ZODIAC - ONTARIO
814,C&D ZODIAC,3255,Double Standard Seat,41122003-101,,,ZODIAC - ONTARIO
815,C&D ZODIAC,3256,Double Standard Seat,41122003-102,,,ZODIAC - ONTARIO
816,C&D ZODIAC,3257,Double Aft Row Seat,41122003-103,,,ZODIAC - ONTARIO
817,C&D ZODIAC,3258,Double Aft Row Seat,41122003-104,,,ZODIAC - ONTARIO
818,C&D ZODIAC,3259,Double Exit Row Seat,41122003-105,,,ZODIAC - ONTARIO
819,C&D ZODIAC,3260,Double Exit Row Seat,41122003-106,,,ZODIAC - ONTARIO
820,C&D ZODIAC,3261,Double FWD Exit Row Seat,41122003-107,,,ZODIAC - ONTARIO
821,C&D ZODIAC,3262,Double FWD Exit Row Seat,41122003-108,,,ZODIAC - ONTARIO
822,C&D ZODIAC,3263,Double Front Row Seat,41242003-101,,,ZODIAC - ONTARIO
823,C&D ZODIAC,3264,Double Front Row Seat,41242003-102,,,ZODIAC - ONTARIO
824,C&D ZODIAC,3273,Double Standard Seat Assembly,41192020-101,,,ZODIAC - ONTARIO
825,C&D ZODIAC,3274,Double Standard Seat Assembly,41192020-102,,,ZODIAC - ONTARIO
826,C&D ZODIAC,3275,Double FWD Exit Seat Assembly,41192020-103,,,ZODIAC - ONTARIO
827,C&D ZODIAC,3276,Double FWD Exit Seat Assembly,41192020-104,,,ZODIAC - ONTARIO
828,C&D ZODIAC,3277,Double Exit Seat Assembly,41192020-105,,,ZODIAC - ONTARIO
829,C&D ZODIAC,3278,Double Exit Seat Assembly,41192020-106,,,ZODIAC - ONTARIO
830,C&D ZODIAC,3279,Double Last Row Seat Assembly,41192020-107,,,ZODIAC - ONTARIO
831,C&D ZODIAC,3280,Double Last Row Seat Assembly,41192020-108,,,ZODIAC - ONTARIO
832,C&D ZODIAC,3281,Double Front Row Seat Assembly,41202020-101,,,ZODIAC - ONTARIO
833,C&D ZODIAC,3282,Double Front Row Seat Assembly,41202020-102,,,ZODIAC - ONTARIO
834,C&D ZODIAC,3283,Double Standard Seat Assembly,41192021-101,,,ZODIAC - ONTARIO
835,C&D ZODIAC,3284,Double Standard Seat Assembly,41192021-102,,,ZODIAC - ONTARIO
836,C&D ZODIAC,3285,Double FWD Exit Seat Assembly,41192021-103,,,ZODIAC - ONTARIO
837,C&D ZODIAC,3286,Double FWD Exit Seat Assembly,41192021-104,,,ZODIAC - ONTARIO
838,C&D ZODIAC,3287,Double Exit Seat Assembly,41192021-105,,,ZODIAC - ONTARIO
839,C&D ZODIAC,3288,Double Exit Seat Assembly,41192021-106,,,ZODIAC - ONTARIO
840,C&D ZODIAC,3289,Double Front Row Seat Assembly,41202021-101,,,ZODIAC - ONTARIO
841,C&D ZODIAC,3290,Double Front Row Seat Assembly,41202021-102,,,ZODIAC - ONTARIO
842,C&D ZODIAC,3291,Standard Bottom Cushion Assembly,41121012-503,,,ZODIAC - ONTARIO
843,C&D ZODIAC,3292,Standard Bottom Cushion Assembly,41191142-539,,,ZODIAC - ONTARIO
844,C&D ZODIAC,3293,Standard Bottom Cushion Assembly,41191142-537,,,ZODIAC - ONTARIO
845,C&D ZODIAC,3294,Standard Bottom Cushion Assembly,41191142-533,,,ZODIAC - ONTARIO
846,C&D ZODIAC,3295,Standard Bottom Cushion Assembly,41191142-535,,,ZODIAC - ONTARIO
847,C&D ZODIAC,3296,LH F/C Single Seat Assembly,41402008-101,,,ZODIAC - ONTARIO
848,C&D ZODIAC,3297,RH F/C Double Seat Assembly,41412008-101,,,ZODIAC - ONTARIO
849,C&D ZODIAC,3304,Standard Bottom Cushion Assembly,41401025-513,,,ZODIAC - ONTARIO
850,C&D ZODIAC,3305,Double Standard Seat Assembly,41192018-101,,,ZODIAC - ONTARIO
851,C&D ZODIAC,3306,Double Standard Seat Assembly,41192018-102,,,ZODIAC - ONTARIO
852,C&D ZODIAC,3307,Double Standard Seat Assembly,41192018-111,,,ZODIAC - ONTARIO
853,C&D ZODIAC,3308,Double Standard Seat Assembly,41192018-112,,,ZODIAC - ONTARIO
854,C&D ZODIAC,3309,Double FWD Exit Seat Assembly,41192018-103,,,ZODIAC - ONTARIO
855,C&D ZODIAC,3310,Double FWD Exit Seat Assembly,41192018-104,,,ZODIAC - ONTARIO
856,C&D ZODIAC,3311,Double Exit Seat Assembly,41192018-115,,,ZODIAC - ONTARIO
857,C&D ZODIAC,3312,Double Exit Seat Assembly,41192018-106,,,ZODIAC - ONTARIO
858,C&D ZODIAC,3313,Double Last Row Seat Assembly,41192018-117,,,ZODIAC - ONTARIO
859,C&D ZODIAC,3314,Double Last Row Seat Assembly,41192018-108,,,ZODIAC - ONTARIO
860,C&D ZODIAC,3315,Double Front Row Seat Assembly,41202018-111,,,ZODIAC - ONTARIO
861,C&D ZODIAC,3316,Double Front Row Seat Assembly,41202018-102,,,ZODIAC - ONTARIO
862,C&D ZODIAC,3321,Standard Bottom Cushion Assembly,41031361-521,,,ZODIAC - ONTARIO
863,C&D ZODIAC,3322,Double Standard Seat,41032043-101,,,ZODIAC - ONTARIO
864,C&D ZODIAC,3323,"Double Standard Seat, Sliding Food Tray",41032043-103,,,ZODIAC - ONTARIO
865,C&D ZODIAC,3324,"Double Exit Row Seat, Short Armrest",41032043-105,,,ZODIAC - ONTARIO
866,C&D ZODIAC,3325,"Double Last Row Seat, No Food Tray",41032043-107,,,ZODIAC - ONTARIO
867,C&D ZODIAC,3326,Single Standard Seat,41042043-101,,,ZODIAC - ONTARIO
868,C&D ZODIAC,3327,"Single Standard Seat, Sliding Food Tray",41042043-103,,,ZODIAC - ONTARIO
869,C&D ZODIAC,3328,"Single Exit Row Seat, Short Armrest",41042043-105,,,ZODIAC - ONTARIO
870,C&D ZODIAC,3329,"Single Standard Seat, No Food Tray",41042043-107,,,ZODIAC - ONTARIO
871,C&D ZODIAC,3330,Double Front Row Seat,41072043-101,,,ZODIAC - ONTARIO
872,C&D ZODIAC,3331,Single Front Row Seat,41082043-101,,,ZODIAC - ONTARIO
873,C&D ZODIAC,3334,Standard Bottom Cushion Assembly,41191142-541,,,ZODIAC - ONTARIO
874,C&D ZODIAC,3335,Double Standard Seat Assembly,41192023-101,,,ZODIAC - ONTARIO
875,C&D ZODIAC,3336,Double Standard Seat Assembly,41192023-102,,,ZODIAC - ONTARIO
876,C&D ZODIAC,3337,Double Front Row Seat Assembly,41202023-101,,,ZODIAC - ONTARIO
877,C&D ZODIAC,3338,Double Front Row Seat Assembly,41202023-102,,,ZODIAC - ONTARIO
878,C&D ZODIAC,3339,Double Standard Seat Assembly,41192022-101,,,ZODIAC - ONTARIO
879,C&D ZODIAC,3340,Double Standard Seat Assembly,41192022-102,,,ZODIAC - ONTARIO
880,C&D ZODIAC,3341,Double FWD Exit Seat Assembly,41192022-103,,,ZODIAC - ONTARIO
881,C&D ZODIAC,3342,Double FWD Exit Seat Assembly,41192022-104,,,ZODIAC - ONTARIO
882,C&D ZODIAC,3343,Double AFT Exit Seat Assembly,41192022-105,,,ZODIAC - ONTARIO
883,C&D ZODIAC,3344,Double AFT Exit Seat Assembly,41192022-106,,,ZODIAC - ONTARIO
884,C&D ZODIAC,3345,Double Last Row Seat Assembly,41192022-107,,,ZODIAC - ONTARIO
885,C&D ZODIAC,3346,Double Last Row Seat Assembly,41192022-108,,,ZODIAC - ONTARIO
886,C&D ZODIAC,3347,Double Front Row Seat Assembly,41202022-101,,,ZODIAC - ONTARIO
887,C&D ZODIAC,3348,Double Front Row Seat Assembly,41202022-102,,,ZODIAC - ONTARIO
888,C&D ZODIAC,3349,Double Standard,41122004-101,,,ZODIAC - ONTARIO
889,C&D ZODIAC,3350,Double Standard,41122004-102,,,ZODIAC - ONTARIO
890,C&D ZODIAC,3351,Double Last Row ,41122004-103,,,ZODIAC - ONTARIO
891,C&D ZODIAC,3352,Double Last Row ,41122004-104,,,ZODIAC - ONTARIO
892,C&D ZODIAC,3353,Double Front Row,41242004-101,,,ZODIAC - ONTARIO
893,C&D ZODIAC,3354,Double Front Row,41242004-102,,,ZODIAC - ONTARIO
894,C&D ZODIAC,3355,AFT Attendant Seat (FWD Facing),41142001-129,,,ZODIAC - ONTARIO
895,C&D ZODIAC,3356,FWD Attendant Seat (AFT Facing),41131001-155,,,ZODIAC - ONTARIO
896,C&D ZODIAC,3357,AFT Attendant Seat (AFT Facing),41131001-157,,,ZODIAC - ONTARIO
897,C&D ZODIAC,3358,FWD Attendant Seat (AFT Facing),41131001-159,,,ZODIAC - ONTARIO
898,C&D ZODIAC,3359,AFT Attendant Seat (AFT Facing),41131001-161,,,ZODIAC - ONTARIO
899,C&D ZODIAC,3360,AFT Attendant Seat (FWD Facing),41142001-131,,,ZODIAC - ONTARIO
900,C&D ZODIAC,3362,Standard Bottom Cushion Assembly,41031449-507,,,ZODIAC - ONTARIO
901,C&D ZODIAC,3363,Standard Bottom Cushion Assembly,41031449-509,,,ZODIAC - ONTARIO
902,C&D ZODIAC,3364,Exit Bottom Cushion Assembly,41031464-501,,,ZODIAC - ONTARIO
903,C&D ZODIAC,3365,Exit Bottom Cushion Assembly,41031464-503,,,ZODIAC - ONTARIO
904,C&D ZODIAC,3366,Double Standard Seat Assembly,41032001-161,,,ZODIAC - ONTARIO
905,C&D ZODIAC,3367,Double Standard Seat Assembly,41032001-169,,,ZODIAC - ONTARIO
906,C&D ZODIAC,3368,Double Standard Seat Assembly,41032001-181,,,ZODIAC - ONTARIO
907,C&D ZODIAC,3369,Double Standard Seat Assembly,41032001-189,,,ZODIAC - ONTARIO
908,C&D ZODIAC,3370,Double Sliding Food Tray Seat Assembly,41032001-163,,,ZODIAC - ONTARIO
909,C&D ZODIAC,3371,Double Sliding Food Tray Seat Assembly,41032001-183,,,ZODIAC - ONTARIO
910,C&D ZODIAC,3372,Double Last Row Seat Assembly,41032001-167,,,ZODIAC - ONTARIO
911,C&D ZODIAC,3373,Double Last Row Seat Assembly,41032001-187,,,ZODIAC - ONTARIO
912,C&D ZODIAC,3374,Double Exit Row Seat Assembly,41032001-175,,,ZODIAC - ONTARIO
913,C&D ZODIAC,3375,Double Exit Row Seat Assembly,41032001-195,,,ZODIAC - ONTARIO
914,C&D ZODIAC,3376,Single Standard Seat Assembly,41042001-161,,,ZODIAC - ONTARIO
915,C&D ZODIAC,3377,Single Standard Seat Assembly,41042001-169,,,ZODIAC - ONTARIO
916,C&D ZODIAC,3378,Single Standard Seat Assembly,41042001-181,,,ZODIAC - ONTARIO
917,C&D ZODIAC,3379,Single Standard Seat Assembly,41042001-189,,,ZODIAC - ONTARIO
918,C&D ZODIAC,3380,Single Sliding Food Tray Seat Assembly,41042001-163,,,ZODIAC - ONTARIO
919,C&D ZODIAC,3381,Single Sliding Food Tray Seat Assembly,41042001-183,,,ZODIAC - ONTARIO
920,C&D ZODIAC,3382,Single Last Row Seat Assembly,41042001-167,,,ZODIAC - ONTARIO
921,C&D ZODIAC,3383,Single Last Row Seat Assembly,41042001-187,,,ZODIAC - ONTARIO
922,C&D ZODIAC,3384,Single Exit Row Seat Assembly,41042001-175,,,ZODIAC - ONTARIO
923,C&D ZODIAC,3385,Single Exit Row Seat Assembly,41042001-195,,,ZODIAC - ONTARIO
924,C&D ZODIAC,3386,Double Front Row Seat Assembly,41072001-133,,,ZODIAC - ONTARIO
925,C&D ZODIAC,3387,Double Front Row Seat Assembly,41072001-143,,,ZODIAC - ONTARIO
926,C&D ZODIAC,3388,Single Front Row Seat Assembly,41082001-131,,,ZODIAC - ONTARIO
927,C&D ZODIAC,3389,Single Front Row Seat Assembly,41082001-141,,,ZODIAC - ONTARIO
928,C&D ZODIAC,3394,Standard Bottom Cushion Assembly,41191142-545,,,ZODIAC - ONTARIO
929,C&D ZODIAC,3395,Double Standard Seat Assembly,41192025-101,,,ZODIAC - ONTARIO
930,C&D ZODIAC,3396,Double Standard Seat Assembly,41192025-102,,,ZODIAC - ONTARIO
931,C&D ZODIAC,3397,Double Last Row Seat Assembly,41192025-103,,,ZODIAC - ONTARIO
932,C&D ZODIAC,3398,Double Last Row Seat Assembly,41192025-104,,,ZODIAC - ONTARIO
933,C&D ZODIAC,3399,Double Front Row Seat Assembly,41202025-101,,,ZODIAC - ONTARIO
934,C&D ZODIAC,3400,Double Front Row Seat Assembly,41202025-102,,,ZODIAC - ONTARIO
935,C&D ZODIAC,3401,Double Standard Seat Assembly,41192024-101,,,ZODIAC - ONTARIO
936,C&D ZODIAC,3402,Double Standard Seat Assembly,41192024-102,,,ZODIAC - ONTARIO
937,C&D ZODIAC,3403,Double Last Row Seat Assembly,41192024-103,,,ZODIAC - ONTARIO
938,C&D ZODIAC,3404,Double Last Row Seat Assembly,41192024-104,,,ZODIAC - ONTARIO
939,C&D ZODIAC,3405,Double Front Row Seat Assembly,41202024-101,,,ZODIAC - ONTARIO
940,C&D ZODIAC,3406,Double Front Row Seat Assembly,41202024-102,,,ZODIAC - ONTARIO
941,C&D ZODIAC,3407,LH F/C Single Seat Assembly,41402011-101,,,ZODIAC - ONTARIO
942,C&D ZODIAC,3408,RH F/C Double Seat Assembly,41412011-101,,,ZODIAC - ONTARIO
943,C&D ZODIAC,3409,Standard Bottom Cushion Assembly,41401025-519,,,ZODIAC - ONTARIO
944,C&D ZODIAC,3428,AFT Attendant Seat (AFT Facing),41131001-165,,,ZODIAC - ONTARIO
945,C&D ZODIAC,3429,FWD Attendant Seat (AFT Facing),41131001-163,,,ZODIAC - ONTARIO
946,C&D ZODIAC,3430,FWD Attendant Seat (AFT Facing),41131001-167,,,ZODIAC - ONTARIO
947,C&D ZODIAC,3431,AFT Attendant Seat (AFT Facing),41131001-169,,,ZODIAC - ONTARIO
948,C&D ZODIAC,3432,AFT Attendant Seat (FWD Facing),41142001-135,,,ZODIAC - ONTARIO
949,C&D ZODIAC,3433,Double Standard Seat Assembly,41192026-101,,,ZODIAC - ONTARIO
950,C&D ZODIAC,3434,Double Standard Seat Assembly,41192026-102,,,ZODIAC - ONTARIO
951,C&D ZODIAC,3435,Double Last Row Seat Assembly,41192026-103,,,ZODIAC - ONTARIO
952,C&D ZODIAC,3436,Double Last Row Seat Assembly,41192026-104,,,ZODIAC - ONTARIO
953,C&D ZODIAC,3437,Double Front Row Seat Assembly,41202026-101,,,ZODIAC - ONTARIO
954,C&D ZODIAC,3438,Double Front Row Seat Assembly,41202026-102,,,ZODIAC - ONTARIO
955,C&D ZODIAC,3439,AFT Attendant Seat (FWD Facing),41142001-133,,,ZODIAC - ONTARIO
956,C&D ZODIAC,3440,Standard Bottom Cushion Assembly,41191142-547,,,ZODIAC - ONTARIO
957,C&D ZODIAC,3441,FWD Attendant Seat (AFT Facing),41131001-171,,,ZODIAC - ONTARIO
958,C&D ZODIAC,3442,AFT Attendant Seat (AFT Facing),41131001-173,,,ZODIAC - ONTARIO
959,C&D ZODIAC,3443,Standard Bottom Cushion Assembly,41031449-515,,,ZODIAC - ONTARIO
960,C&D ZODIAC,3444,Exit Bottom Cushion Assembly,41031464-507,,,ZODIAC - ONTARIO
961,C&D ZODIAC,3445,Double Standard Seat Assembly,41032044-101,,,ZODIAC - ONTARIO
962,C&D ZODIAC,3446,Double Sliding Food Tray Seat Assembly,41032044-103,,,ZODIAC - ONTARIO
963,C&D ZODIAC,3447,Double Exit Row Seat Assembly,41032044-105,,,ZODIAC - ONTARIO
964,C&D ZODIAC,3448,Double Last Row Seat Assembly,41032044-107,,,ZODIAC - ONTARIO
965,C&D ZODIAC,3449,Single Standard Seat Assembly,41042044-101,,,ZODIAC - ONTARIO
966,C&D ZODIAC,3450,Single Sliding Food Tray Seat Assembly,41042044-103,,,ZODIAC - ONTARIO
967,C&D ZODIAC,3451,Single Exit Row Seat Assembly,41042044-105,,,ZODIAC - ONTARIO
968,C&D ZODIAC,3452,Single Last Row Seat Assembly,41042044-107,,,ZODIAC - ONTARIO
969,C&D ZODIAC,3453,Double Front Row Seat Assembly,41072044-101,,,ZODIAC - ONTARIO
970,C&D ZODIAC,3454,Single Front Row Seat Assembly,41082044-101,,,ZODIAC - ONTARIO
971,C&D ZODIAC,3455,Standard Bottom Cushion Assembly,41191142-543,,,ZODIAC - ONTARIO
972,C&D ZODIAC,3456,Standard Bottom Cushion Assembly,41401025-521,,,ZODIAC - ONTARIO
973,C&D ZODIAC,3457,Standard Bottom Cushion Assembly,41031449-513,,,ZODIAC - ONTARIO
974,C&D ZODIAC,3458,Exit Bottom Cushion Assembly,41031464-505,,,ZODIAC - ONTARIO
975,C&D ZODIAC,3459,Double Standard Seat Assembly,41192027-101,,,ZODIAC - ONTARIO
976,C&D ZODIAC,3460,Double Standard Seat Assembly,41192027-102,,,ZODIAC - ONTARIO
977,C&D ZODIAC,3461,Double FWD Exit Seat Assembly,41192027-103,,,ZODIAC - ONTARIO
978,C&D ZODIAC,3462,Double FWD Exit Seat Assembly,41192027-104,,,ZODIAC - ONTARIO
979,C&D ZODIAC,3463,Double AFT Exit Seat Assembly,41192027-105,,,ZODIAC - ONTARIO
980,C&D ZODIAC,3464,Double AFT Exit Seat Assembly,41192027-106,,,ZODIAC - ONTARIO
981,C&D ZODIAC,3465,Double Last Row Seat Assembly,41192027-107,,,ZODIAC - ONTARIO
982,C&D ZODIAC,3466,Double Last Row Seat Assembly,41192027-108,,,ZODIAC - ONTARIO
983,C&D ZODIAC,3467,Double Front  Row Seat Assembly,41202027-101,,,ZODIAC - ONTARIO
984,C&D ZODIAC,3468,Double Front  Row Seat Assembly,41202027-102,,,ZODIAC - ONTARIO
985,C&D ZODIAC,3469,FWD Attendant Seat (AFT Facing),41131001-175,,,ZODIAC - ONTARIO
986,C&D ZODIAC,3470,AFT Attendant Seat (AFT Facing),41131001-177,,,ZODIAC - ONTARIO
987,C&D ZODIAC,3471,AFT Attendant Seat (FWD Facing),41142001-137,,,ZODIAC - ONTARIO
988,C&D ZODIAC,3472,LH F/C Single Seat  Assembly,41402012-101,,,ZODIAC - ONTARIO
989,C&D ZODIAC,3473,RH F/C Double Seat  Assembly,41412012-101,,,ZODIAC - ONTARIO
990,C&D ZODIAC,3474,"Double, Standard Seat Assembly",41032001-231,,,ZODIAC - ONTARIO
991,C&D ZODIAC,3475,"Double, Sliding Food Tray Seat Assembly",41032001-233,,,ZODIAC - ONTARIO
992,C&D ZODIAC,3476,"Double, Exit Row Seat Assembly",41032001-235,,,ZODIAC - ONTARIO
993,C&D ZODIAC,3477,"Double, Last Row Seat Assembly",41032001-237,,,ZODIAC - ONTARIO
994,C&D ZODIAC,3478,"Single, Standard Seat Assembly",41042001-231,,,ZODIAC - ONTARIO
995,C&D ZODIAC,3479,"Single, Sliding Food Tray Seat Assembly",41042001-233,,,ZODIAC - ONTARIO
996,C&D ZODIAC,3480,"Single, Last Row Seat Assembly",41042001-237,,,ZODIAC - ONTARIO
997,C&D ZODIAC,3481,"Single, Exit Row Seat Assembly",41042001-235,,,ZODIAC - ONTARIO
998,C&D ZODIAC,3482,"Double, Front Row Seat Assembly",41072001-163,,,ZODIAC - ONTARIO
999,C&D ZODIAC,3483,"Single, Front Row Seat Assembly",41082001-161,,,ZODIAC - ONTARIO
1000,C&D ZODIAC,3485,Standard Bottom Cushion Assembly,41191142-549,,,ZODIAC - ONTARIO
1001,C&D ZODIAC,3487,"Double, Standard Seat Assembly",41192029-101,,,ZODIAC - ONTARIO
1002,C&D ZODIAC,3488,"Double, Standard Seat Assembly",41192029-102,,,ZODIAC - ONTARIO
1003,C&D ZODIAC,3489,"Double, FWD Exit Seat Assembly",41192029-103,,,ZODIAC - ONTARIO
1004,C&D ZODIAC,3490,"Double, FWD Exit Seat Assembly",41192029-104,,,ZODIAC - ONTARIO
1005,C&D ZODIAC,3491,"Double, AFT Exit Seat Assembly",41192029-105,,,ZODIAC - ONTARIO
1006,C&D ZODIAC,3492,"Double, AFT Exit Seat Assembly",41192029-106,,,ZODIAC - ONTARIO
1007,C&D ZODIAC,3493,"Double, Last Row Seat Assembly",41192029-107,,,ZODIAC - ONTARIO
1008,C&D ZODIAC,3494,"Double, Last Row Seat Assembly",41192029-108,,,ZODIAC - ONTARIO
1009,C&D ZODIAC,3495,"Double, Front Row Seat Assembly",41202029-101,,,ZODIAC - ONTARIO
1010,C&D ZODIAC,3496,"Double, Front Row Seat Assembly",41202029-102,,,ZODIAC - ONTARIO
1011,C&D ZODIAC,3499,AFT Attendant Seat (FWD Facing),41142001-139,,,ZODIAC - ONTARIO
1012,C&D ZODIAC,3500,FWD Attendant  Seat (AFT Facing),41131001-179,,,ZODIAC - ONTARIO
1013,C&D ZODIAC,3501,AFT Attendant Seat (AFT Facing),41131001-181,,,ZODIAC - ONTARIO
1014,C&D ZODIAC,3502,Side Mounted Attendant  Seat (AFT Facing),41162001-103,,,ZODIAC - ONTARIO
1015,C&D ZODIAC,3503,Double Standard Seat Assembly,41192034-101,,,ZODIAC - ONTARIO
1016,C&D ZODIAC,3504,Double Standard Seat Assembly,41192034-102,,,ZODIAC - ONTARIO
1017,C&D ZODIAC,3505,Double FWD Exit Seat  Assembly,41192034-103,,,ZODIAC - ONTARIO
1018,C&D ZODIAC,3506,Double FWD Exit Seat  Assembly,41192034-104,,,ZODIAC - ONTARIO
1019,C&D ZODIAC,3507,Double AFT Exit Seat  Assembly,41192034-105,,,ZODIAC - ONTARIO
1020,C&D ZODIAC,3508,Double AFT Exit Seat  Assembly,41192034-106,,,ZODIAC - ONTARIO
1021,C&D ZODIAC,3509,Double Last Row Seat  Assembly,41192034-107,,,ZODIAC - ONTARIO
1022,C&D ZODIAC,3510,Double Last Row Seat  Assembly,41192034-108,,,ZODIAC - ONTARIO
1023,C&D ZODIAC,3511,Double Front  Row Seat  Assembly,41202034-101,,,ZODIAC - ONTARIO
1024,C&D ZODIAC,3512,Double Front  Row Seat  Assembly,41202034-102,,,ZODIAC - ONTARIO
1025,C&D ZODIAC,3517,Double FWD Exit Seat  Assembly,41192026-105,,,ZODIAC - ONTARIO
1026,C&D ZODIAC,3518,Double FWD Exit Seat  Assembly,41192026-106,,,ZODIAC - ONTARIO
1027,C&D ZODIAC,3519,Double AFT Exit Seat  Assembly,41192026-107,,,ZODIAC - ONTARIO
1028,C&D ZODIAC,3520,Double AFT Exit Seat  Assembly,41192026-108,,,ZODIAC - ONTARIO
1029,C&D ZODIAC,3521,LH F/C Single Seat  Assembly,41402013-101,,,ZODIAC - ONTARIO
1030,C&D ZODIAC,3522,RH F/C Double Seat  Assembly,41412013-101,,,ZODIAC - ONTARIO
1031,C&D ZODIAC,3523,Standart Bottom Cushion Assembly,41401025-523,,,ZODIAC - ONTARIO
1032,C&D ZODIAC,3524,Standart Bottom Cushion Assembly,41191142-551,,,ZODIAC - ONTARIO
1033,C&D ZODIAC,3531,"Double Attendant  Seat, AFT Facing",41461001-101,,,ZODIAC - ONTARIO
1034,C&D ZODIAC,3532,"Double Attendant  Seat, AFT Facing",41461001-103,,,ZODIAC - ONTARIO
1035,C&D ZODIAC,3533,Double Standard Seat Assembly,41192028-101,,,ZODIAC - ONTARIO
1036,C&D ZODIAC,3534,Double Standard Seat Assembly,41192028-102,,,ZODIAC - ONTARIO
1037,C&D ZODIAC,3535,Double FWD Exit Seat  Assembly,41192028-103,,,ZODIAC - ONTARIO
1038,C&D ZODIAC,3536,Double FWD Exit Seat  Assembly,41192028-104,,,ZODIAC - ONTARIO
1039,C&D ZODIAC,3537,Double AFT Exit Seat  Assembly,41192028-105,,,ZODIAC - ONTARIO
1040,C&D ZODIAC,3538,Double AFT Exit Seat  Assembly,41192028-106,,,ZODIAC - ONTARIO
1041,C&D ZODIAC,3539,Double Last Row Seat  Assembly,41192028-107,,,ZODIAC - ONTARIO
1042,C&D ZODIAC,3540,Double Last Row Seat  Assembly,41192028-108,,,ZODIAC - ONTARIO
1043,C&D ZODIAC,3541,Double Front  Row Seat  Assembly,41202028-101,,,ZODIAC - ONTARIO
1044,C&D ZODIAC,3542,Double Front  Row Seat  Assembly,41202028-102,,,ZODIAC - ONTARIO
1045,C&D ZODIAC,3543,AFT Attendant Seat (FWD Facing),41142001-141,,,ZODIAC - ONTARIO
1046,C&D ZODIAC,3544,AFT Attendant Seat (FWD Facing),41142001-145,,,ZODIAC - ONTARIO
1047,C&D ZODIAC,3545,FWD Attendant  Seat (AFT Facing),41131001-183,,,ZODIAC - ONTARIO
1048,C&D ZODIAC,3546,FWD Attendant  Seat (AFT Facing),41131001-191,,,ZODIAC - ONTARIO
1049,C&D ZODIAC,3547,AFT Attendant Seat (AFT Facing),41131001-185,,,ZODIAC - ONTARIO
1050,C&D ZODIAC,3548,AFT Attendant Seat (AFT Facing),41131001-193,,,ZODIAC - ONTARIO
1051,C&D ZODIAC,3549,Double Standard Seat Assembly,41192030-101,,,ZODIAC - ONTARIO
1052,C&D ZODIAC,3550,Double Standard Seat Assembly,41192030-102,,,ZODIAC - ONTARIO
1053,C&D ZODIAC,3551,Double FWD Exit Seat  Assembly,41192030-103,,,ZODIAC - ONTARIO
1054,C&D ZODIAC,3552,Double FWD Exit Seat  Assembly,41192030-104,,,ZODIAC - ONTARIO
1055,C&D ZODIAC,3553,Double AFT Exit Seat  Assembly,41192030-105,,,ZODIAC - ONTARIO
1056,C&D ZODIAC,3554,Double AFT Exit Seat  Assembly,41192030-106,,,ZODIAC - ONTARIO
1057,C&D ZODIAC,3555,Double Last Row Seat  Assembly,41192030-107,,,ZODIAC - ONTARIO
1058,C&D ZODIAC,3556,Double Last Row Seat  Assembly,41192030-108,,,ZODIAC - ONTARIO
1059,C&D ZODIAC,3557,Double Front  Row Seat  Assembly,41202030-101,,,ZODIAC - ONTARIO
1060,C&D ZODIAC,3558,Double Front  Row Seat  Assembly,41202030-102,,,ZODIAC - ONTARIO
1061,C&D ZODIAC,3561,Standart Bottom Cushion Assembly,41191142-553,,,ZODIAC - ONTARIO
1062,C&D ZODIAC,3562,Double Standard Seat Assembly,41192031-101,,,ZODIAC - ONTARIO
1063,C&D ZODIAC,3563,Double Standard Seat Assembly,41192031-102,,,ZODIAC - ONTARIO
1064,C&D ZODIAC,3564,Double FWD Exit Seat  Assembly,41192031-103,,,ZODIAC - ONTARIO
1065,C&D ZODIAC,3565,Double FWD Exit Seat  Assembly,41192031-104,,,ZODIAC - ONTARIO
1066,C&D ZODIAC,3566,Double AFT Exit Seat  Assembly,41192031-105,,,ZODIAC - ONTARIO
1067,C&D ZODIAC,3567,Double AFT Exit Seat  Assembly,41192031-106,,,ZODIAC - ONTARIO
1068,C&D ZODIAC,3568,Double Last Row Seat  Assembly,41192031-107,,,ZODIAC - ONTARIO
1069,C&D ZODIAC,3569,Double Last Row Seat  Assembly,41192031-108,,,ZODIAC - ONTARIO
1070,C&D ZODIAC,3570,Double Y-Belt  Seat  Assembly,41192031-111,,,ZODIAC - ONTARIO
1071,C&D ZODIAC,3571,Double Y-Belt  Seat  Assembly,41192031-112,,,ZODIAC - ONTARIO
1072,C&D ZODIAC,3572,"Double Y-Belt, Sliding Foodtray Seat  Assembly",41192031-113,,,ZODIAC - ONTARIO
1073,C&D ZODIAC,3573,"Double Y-Belt, Sliding Foodtray Seat  Assembly",41192031-114,,,ZODIAC - ONTARIO
1074,C&D ZODIAC,3574,Double Front  Row Seat  Assembly,41202031-101,,,ZODIAC - ONTARIO
1075,C&D ZODIAC,3575,Double Front  Row Seat  Assembly,41202031-102,,,ZODIAC - ONTARIO
1076,C&D ZODIAC,3582,Standart Bottom Cushion Assembly,41191142-555,,,ZODIAC - ONTARIO
1077,C&D ZODIAC,3583,Standart Bottom Cushion Assembly,41121012-505,,,ZODIAC - ONTARIO
1078,C&D ZODIAC,3584,"Side Mounted Attendant Seat , AFT Facing",41162001-105,,,ZODIAC - ONTARIO
1079,C&D ZODIAC,3585,Double Last Row Seat  Assembly,41192018-107,,,ZODIAC - ONTARIO
1080,C&D ZODIAC,3586,Double Standard ,41122005-101,,,ZODIAC - ONTARIO
1081,C&D ZODIAC,3587,Double Standard ,41122005-102,,,ZODIAC - ONTARIO
1082,C&D ZODIAC,3588,Double Last Row ,41122005-103,,,ZODIAC - ONTARIO
1083,C&D ZODIAC,3589,Double Last Row ,41122005-104,,,ZODIAC - ONTARIO
1084,C&D ZODIAC,3590,Double Exit Row ,41122005-105,,,ZODIAC - ONTARIO
1085,C&D ZODIAC,3591,Double Exit Row ,41122005-106,,,ZODIAC - ONTARIO
1086,C&D ZODIAC,3592,Double FWD Exit Row,41122005-107,,,ZODIAC - ONTARIO
1087,C&D ZODIAC,3593,Double FWD Exit Row,41122005-108,,,ZODIAC - ONTARIO
1088,C&D ZODIAC,3594,Double Front  Row,41242005-101,,,ZODIAC - ONTARIO
1089,C&D ZODIAC,3595,Double Front  Row,41242005-102,,,ZODIAC - ONTARIO
1090,C&D ZODIAC,3596,Double Standard Seat Assembly,41192033-101,,,ZODIAC - ONTARIO
1091,C&D ZODIAC,3597,Double Standard Seat Assembly,41192033-102,,,ZODIAC - ONTARIO
1092,C&D ZODIAC,3598,Double FWD Exit Seat  Assembly,41192033-103,,,ZODIAC - ONTARIO
1093,C&D ZODIAC,3599,Double FWD Exit Seat  Assembly,41192033-104,,,ZODIAC - ONTARIO
1094,C&D ZODIAC,3600,Double AFT Exit Seat  Assembly,41192033-105,,,ZODIAC - ONTARIO
1095,C&D ZODIAC,3601,Double AFT Exit Seat  Assembly,41192033-106,,,ZODIAC - ONTARIO
1096,C&D ZODIAC,3602,Double Last Row Seat  Assembly,41192033-107,,,ZODIAC - ONTARIO
1097,C&D ZODIAC,3603,Double Last Row Seat  Assembly,41192033-108,,,ZODIAC - ONTARIO
1098,C&D ZODIAC,3604,Double Front  Row Seat  Assembly,41202033-101,,,ZODIAC - ONTARIO
1099,C&D ZODIAC,3605,Double Front  Row Seat  Assembly,41202033-102,,,ZODIAC - ONTARIO
1100,C&D ZODIAC,3606,Double Standard Seat Assembly,41192032-101,,,ZODIAC - ONTARIO
1101,C&D ZODIAC,3607,Double Standard Seat Assembly,41192032-102,,,ZODIAC - ONTARIO
1102,C&D ZODIAC,3608,Double FWD Exit Seat  Assembly,41192032-103,,,ZODIAC - ONTARIO
1103,C&D ZODIAC,3609,Double FWD Exit Seat  Assembly,41192032-104,,,ZODIAC - ONTARIO
1104,C&D ZODIAC,3610,Double AFT Exit Seat  Assembly,41192032-105,,,ZODIAC - ONTARIO
1105,C&D ZODIAC,3611,Double AFT Exit Seat  Assembly,41192032-106,,,ZODIAC - ONTARIO
1106,C&D ZODIAC,3612,Double Last Row Seat  Assembly,41192032-107,,,ZODIAC - ONTARIO
1107,C&D ZODIAC,3613,Double Last Row Seat  Assembly,41192032-108,,,ZODIAC - ONTARIO
1108,C&D ZODIAC,3614,Double Front  Row Seat  Assembly,41202032-101,,,ZODIAC - ONTARIO
1109,C&D ZODIAC,3615,Double Front  Row Seat  Assembly,41202032-102,,,ZODIAC - ONTARIO
1110,C&D ZODIAC,3617,Standart Bottom Cushion Assembly,41191142-557,,,ZODIAC - ONTARIO
1111,C&D ZODIAC,3618,Standard Bottom Cushion Assembly,41191142-559,,,ZODIAC - ONTARIO
1112,C&D ZODIAC,3619,Double Standard Seat Assembly,41192035-101,,,ZODIAC - ONTARIO
1113,C&D ZODIAC,3620,Double Standard Seat Assembly,41192035-102,,,ZODIAC - ONTARIO
1114,C&D ZODIAC,3621,Double FWD Exit Seat Assembly,41192035-103,,,ZODIAC - ONTARIO
1115,C&D ZODIAC,3622,Double FWD Exit Seat Assembly,41192035-104,,,ZODIAC - ONTARIO
1116,C&D ZODIAC,3623,Double AFT Exit Seat Assembly,41192035-105,,,ZODIAC - ONTARIO
1117,C&D ZODIAC,3624,Double AFT Exit Seat Assembly,41192035-106,,,ZODIAC - ONTARIO
1118,C&D ZODIAC,3625,Double Last Row Seat Assembly,41192035-107,,,ZODIAC - ONTARIO
1119,C&D ZODIAC,3626,Double Last Row Seat Assembly,41192035-108,,,ZODIAC - ONTARIO
1120,C&D ZODIAC,3627,Double Standard Seat Assembly with Headrests,41192035-111,,,ZODIAC - ONTARIO
1121,C&D ZODIAC,3628,Double Standard Seat Assembly with Headrests,41192035-112,,,ZODIAC - ONTARIO
1122,C&D ZODIAC,3629,Double Front Row Seat Assembly,41202035-101,,,ZODIAC - ONTARIO
1123,C&D ZODIAC,3630,Double Front Row Seat Assembly,41202035-102,,,ZODIAC - ONTARIO
1124,C&D ZODIAC,3631,FWD Attendant  Seat (AFT Facing),41131001-195,,,ZODIAC - ONTARIO
1125,C&D ZODIAC,3632,AFT Attendant Seat (FWD Facing),41142001-147,,,ZODIAC - ONTARIO
1126,C&D ZODIAC,3656,Double Standard Seat Assembly,41192026-111,,,ZODIAC - ONTARIO
1127,C&D ZODIAC,3657,Double Standard Seat Assembly,41192026-112,,,ZODIAC - ONTARIO
1128,C&D ZODIAC,3658,Double Front  Row Seat  Assembly,41202026-111,,,ZODIAC - ONTARIO
1129,C&D ZODIAC,3659,Double Front  Row Seat  Assembly,41202026-112,,,ZODIAC - ONTARIO
1130,C&D ZODIAC,3660,Double Standard Seat Assembly,41192036-101,,,ZODIAC - ONTARIO
1131,C&D ZODIAC,3661,Double Standard Seat Assembly,41192036-102,,,ZODIAC - ONTARIO
1132,C&D ZODIAC,3662,Double Last Row Seat  Assembly,41192036-103,,,ZODIAC - ONTARIO
1133,C&D ZODIAC,3663,Double Last Row Seat  Assembly,41192036-104,,,ZODIAC - ONTARIO
1134,C&D ZODIAC,3664,Double Front  Row Seat  Assembly,41202036-101,,,ZODIAC - ONTARIO
1135,C&D ZODIAC,3665,Double Front  Row Seat  Assembly,41202036-102,,,ZODIAC - ONTARIO
1136,C&D ZODIAC,3668,Standart Bottom Cushion Assembly,41191142-561,,,ZODIAC - ONTARIO
1137,C&D ZODIAC,3674,Standard Bottom Cushion Assembly,41191142-565,,,ZODIAC - ONTARIO
1138,C&D ZODIAC,3675,Standard Bottom Cushion Assembly,41401025-527,,,ZODIAC - ONTARIO
1139,C&D ZODIAC,3676,Double Standard Seat Assembly,41192038-101,,,ZODIAC - ONTARIO
1140,C&D ZODIAC,3677,Double Standard Seat Assembly,41192038-102,,,ZODIAC - ONTARIO
1141,C&D ZODIAC,3678,Double FWD Exit Seat Assembly,41192038-103,,,ZODIAC - ONTARIO
1142,C&D ZODIAC,3679,Double FWD Exit Seat Assembly,41192038-104,,,ZODIAC - ONTARIO
1143,C&D ZODIAC,3680,Double AFT Exit Seat Assembly,41192038-105,,,ZODIAC - ONTARIO
1144,C&D ZODIAC,3681,Double AFT Exit Seat Assembly,41192038-106,,,ZODIAC - ONTARIO
1145,C&D ZODIAC,3682,Double Last Row Seat Assembly,41192038-107,,,ZODIAC - ONTARIO
1146,C&D ZODIAC,3683,Double Last Row Seat Assembly,41192038-108,,,ZODIAC - ONTARIO
1147,C&D ZODIAC,3684,Double Front Row Seat Assembly,41202038-101,,,ZODIAC - ONTARIO
1148,C&D ZODIAC,3685,Double Front Row Seat Assembly,41202038-102,,,ZODIAC - ONTARIO
1149,C&D ZODIAC,3686,LH F/C Single Seat Assembly,41402016-101,,,ZODIAC - ONTARIO
1150,C&D ZODIAC,3687,RH F/C Double Seat Assembly,41412016-101,,,ZODIAC - ONTARIO
1151,C&D ZODIAC,3688,Double Standard Seat Assembly,41192039-101,,,ZODIAC - ONTARIO
1152,C&D ZODIAC,3689,Double Standard Seat Assembly,41192039-102,,,ZODIAC - ONTARIO
1153,C&D ZODIAC,3690,Double Last Row Seat Assembly,41192039-103,,,ZODIAC - ONTARIO
1154,C&D ZODIAC,3691,Double Last Row Seat Assembly,41192039-104,,,ZODIAC - ONTARIO
1155,C&D ZODIAC,3692,Double Front Row Seat Assembly,41202039-101,,,ZODIAC - ONTARIO
1156,C&D ZODIAC,3693,Double Front Row Seat Assembly,41202039-102,,,ZODIAC - ONTARIO
1157,C&D ZODIAC,3694,Standard Bottom Cushion Assembly,41191142-567,,,ZODIAC - ONTARIO
1158,C&D ZODIAC,3695,FWD Attendant Seat (AFT Facing),41131001-197,,,ZODIAC - ONTARIO
1159,C&D ZODIAC,3696,AFT Attendant Seat (AFT Facing),41131001-199,,,ZODIAC - ONTARIO
1160,C&D ZODIAC,3698,AFT Attendant Seat (FWD Facing),41142001-149,,,ZODIAC - ONTARIO
1161,C&D ZODIAC,3699,Standard Bottom Cushion Assembly,41191142-563,,,ZODIAC - ONTARIO
1162,C&D ZODIAC,3700,Standard Bottom Cushion Assembly,41401025-525,,,ZODIAC - ONTARIO
1163,C&D ZODIAC,3701,FWD Attendant Seat (AFT Facing),41131001-207,,,ZODIAC - ONTARIO
1164,C&D ZODIAC,3702,AFT Attendant Seat (FWD Facing),41142001-155,,,ZODIAC - ONTARIO
1165,C&D ZODIAC,3703,Double Standard Seat Assembly,41192037-101,,,ZODIAC - ONTARIO
1166,C&D ZODIAC,3704,Double Standard Seat Assembly,41192037-102,,,ZODIAC - ONTARIO
1167,C&D ZODIAC,3705,Double Front Row Seat Assembly,41202037-101,,,ZODIAC - ONTARIO
1168,C&D ZODIAC,3706,Double Front Row Seat Assembly,41202037-102,,,ZODIAC - ONTARIO
1169,C&D ZODIAC,3707,LH F/C Single Seat Assembly,41402014-101,,,ZODIAC - ONTARIO
1170,C&D ZODIAC,3708,"LH F/C Single Seat Assembly, AFT",41402014-103,,,ZODIAC - ONTARIO
1171,C&D ZODIAC,3709,RH F/C Double Seat Assembly,41412014-101,,,ZODIAC - ONTARIO
1172,C&D ZODIAC,3717,Standard Bottom Cushion Assembly,41191142-575,,,ZODIAC - ONTARIO
1173,C&D ZODIAC,3718,Standard Bottom Cushion Assembly,41191142-569,,,ZODIAC - ONTARIO
1174,C&D ZODIAC,3719,Double Standard Seat Assembly,41192041-101,,,ZODIAC - ONTARIO
1175,C&D ZODIAC,3720,Double Standard Seat Assembly,41192041-102,,,ZODIAC - ONTARIO
1176,C&D ZODIAC,3721,Double FWD Exit Seat Assembly,41192041-103,,,ZODIAC - ONTARIO
1177,C&D ZODIAC,3722,Double FWD Exit Seat Assembly,41192041-104,,,ZODIAC - ONTARIO
1178,C&D ZODIAC,3723,Double AFT Exit Seat Assembly,41192041-105,,,ZODIAC - ONTARIO
1179,C&D ZODIAC,3724,Double AFT Exit Seat Assembly,41192041-106,,,ZODIAC - ONTARIO
1180,C&D ZODIAC,3725,Double Last Row Seat Assembly,41192041-107,,,ZODIAC - ONTARIO
1181,C&D ZODIAC,3726,Double Last Row Seat Assembly,41192041-108,,,ZODIAC - ONTARIO
1182,C&D ZODIAC,3727,Double Front Row Seat Assembly,41202041-101,,,ZODIAC - ONTARIO
1183,C&D ZODIAC,3728,Double Front Row Seat Assembly,41202041-102,,,ZODIAC - ONTARIO
1184,C&D ZODIAC,3729,AFT Attendant Seat (FWD Facing),41142001-157,,,ZODIAC - ONTARIO
1185,C&D ZODIAC,3730,Double Standard Seat Assembly,41192040-101,,,ZODIAC - ONTARIO
1186,C&D ZODIAC,3731,Double Standard Seat Assembly,41192040-102,,,ZODIAC - ONTARIO
1187,C&D ZODIAC,3732,Double FWD Exit Seat Assembly,41192040-103,,,ZODIAC - ONTARIO
1188,C&D ZODIAC,3733,Double FWD Exit Seat Assembly,41192040-104,,,ZODIAC - ONTARIO
1189,C&D ZODIAC,3734,Double AFT Exit Seat Assembly,41192040-105,,,ZODIAC - ONTARIO
1190,C&D ZODIAC,3735,Double AFT Exit Seat Assembly,41192040-106,,,ZODIAC - ONTARIO
1191,C&D ZODIAC,3736,Double Last Row Seat Assembly,41192040-107,,,ZODIAC - ONTARIO
1192,C&D ZODIAC,3737,Double Last Row Seat Assembly,41192040-108,,,ZODIAC - ONTARIO
1193,C&D ZODIAC,3738,Double Front Row Seat Assembly,41202040-102,,,ZODIAC - ONTARIO
1194,C&D ZODIAC,3739,Double Front Row Seat Assembly,41202040-103,,,ZODIAC - ONTARIO
1195,C&D ZODIAC,3740,FWD Attendant Seat (AFT Facing),41131001-209,,,ZODIAC - ONTARIO
1196,C&D ZODIAC,3741,AFT Attendant Seat (AFT Facing),41131001-211,,,ZODIAC - ONTARIO
1197,C&D ZODIAC,3742,FWD Attendant Seat (AFT Facing),41131001-201,,,ZODIAC - ONTARIO
1198,C&D ZODIAC,3743,AFT Attendant Seat (FWD Facing),41142001-151,,,ZODIAC - ONTARIO
1199,C&D ZODIAC,3744,"Double Attendant Seat, AFT Facing",41461001-105,,,ZODIAC - ONTARIO
1200,C&D ZODIAC,3745,Double Standard Seat Assembly,41192042-101,,,ZODIAC - ONTARIO
1201,C&D ZODIAC,3746,Double Standard Seat Assembly,41192042-102,,,ZODIAC - ONTARIO
1202,C&D ZODIAC,3747,Double FWD Exit Seat Assembly,41192042-103,,,ZODIAC - ONTARIO
1203,C&D ZODIAC,3748,Double FWD Exit Seat Assembly,41192042-104,,,ZODIAC - ONTARIO
1204,C&D ZODIAC,3749,Double AFT Exit Seat Assembly,41192042-105,,,ZODIAC - ONTARIO
1205,C&D ZODIAC,3750,Double AFT Exit Seat Assembly,41192042-106,,,ZODIAC - ONTARIO
1206,C&D ZODIAC,3751,Double Last Row Seat Assembly,41192042-107,,,ZODIAC - ONTARIO
1207,C&D ZODIAC,3752,Double Last Row Seat Assembly,41192042-108,,,ZODIAC - ONTARIO
1208,C&D ZODIAC,3753,Double Front Row Seat Assembly,41202042-101,,,ZODIAC - ONTARIO
1209,C&D ZODIAC,3754,Double Front Row Seat Assembly,41202042-102,,,ZODIAC - ONTARIO
1210,C&D ZODIAC,3755,Standard Bottom Cushion Assembly,41401025-533,,,ZODIAC - ONTARIO
1211,C&D ZODIAC,3756,Standard Bottom Cushion Assembly,41401025-529,,,ZODIAC - ONTARIO
1212,C&D ZODIAC,3757,"LH F/C Single Seat Assembly, FWD",41402017-101,,,ZODIAC - ONTARIO
1213,C&D ZODIAC,3758,LH F/C Single Seat Assembly,41402017-103,,,ZODIAC - ONTARIO
1214,C&D ZODIAC,3759,"RH F/C Double Seat Assembly, FWD",41412017-101,,,ZODIAC - ONTARIO
1215,C&D ZODIAC,3760,RH F/C Double Seat Assembly,41412017-103,,,ZODIAC - ONTARIO
1216,C&D ZODIAC,3761,"Double Attendant Seat, AFT Facing",41461001-107,,,ZODIAC - ONTARIO
1217,C&D ZODIAC,3762,"LH F/C Single Seat Assembly, Front Row",41402015-101,,,ZODIAC - ONTARIO
1218,C&D ZODIAC,3763,LH F/C Single Seat Assembly,41402015-103,,,ZODIAC - ONTARIO
1219,C&D ZODIAC,3764,"RH F/C Double Seat Assembly, Front Row",41412015-101,,,ZODIAC - ONTARIO
1220,C&D ZODIAC,3765,RH F/C Double Seat Assembly,41412015-103,,,ZODIAC - ONTARIO
1221,C&D ZODIAC,3766,FWD Attendant Seat (AFT Facing),41131001-213,,,ZODIAC - ONTARIO
1222,C&D ZODIAC,3767,AFT Attendant Seat (AFT Facing),41131001-215,,,ZODIAC - ONTARIO
1223,C&D ZODIAC,3768,AFT Attendant Seat (FWD Facing),41142001-159,,,ZODIAC - ONTARIO
1224,C&D ZODIAC,3769,Standard Bottom Cushion Assembly,41191142-573,,,ZODIAC - ONTARIO
1225,C&D ZODIAC,3770,Standard Bottom Cushion Assembly,41401025-531,,,ZODIAC - ONTARIO
1226,C&D ZODIAC,3771,"RH F/C Double Seat Assembly, AFT",41412015-105,,,ZODIAC - ONTARIO
1227,C&D ZODIAC,3772,Double Standard Seat Assembly,41192044-101,,,ZODIAC - ONTARIO
1228,C&D ZODIAC,3773,Double Standard Seat Assembly,41192044-102,,,ZODIAC - ONTARIO
1229,C&D ZODIAC,3774,Double FWD Exit Seat Assembly,41192044-103,,,ZODIAC - ONTARIO
1230,C&D ZODIAC,3775,Double FWD Exit Seat Assembly,41192044-104,,,ZODIAC - ONTARIO
1231,C&D ZODIAC,3776,Double AFT Exit Seat Assembly,41192044-105,,,ZODIAC - ONTARIO
1232,C&D ZODIAC,3777,Double AFT Exit Seat Assembly,41192044-106,,,ZODIAC - ONTARIO
1233,C&D ZODIAC,3778,Double Last Row Seat Assembly,41192044-107,,,ZODIAC - ONTARIO
1234,C&D ZODIAC,3779,Double Last Row Seat Assembly,41192044-108,,,ZODIAC - ONTARIO
1235,C&D ZODIAC,3780,Double Front Row Seat Assembly,41202044-101,,,ZODIAC - ONTARIO
1236,C&D ZODIAC,3781,Double Front Row Seat Assembly,41202044-102,,,ZODIAC - ONTARIO
1237,C&D ZODIAC,3782,FWD Attendant Seat (AFT Facing),41131001-221,,,ZODIAC - ONTARIO
1238,C&D ZODIAC,3783,AFT Attendant Seat (FWD Facing),41142001-161,,,ZODIAC - ONTARIO
1239,C&D ZODIAC,3784,"Double Attendant Seat, AFT Facing",41461001-109,,,ZODIAC - ONTARIO
1240,C&D ZODIAC,3785,Double Standard Seat Assembly,41192043-101,,,ZODIAC - ONTARIO
1241,C&D ZODIAC,3786,Double Standard Seat Assembly,41192043-102,,,ZODIAC - ONTARIO
1242,C&D ZODIAC,3787,Double Last Row Seat Assembly,41192043-103,,,ZODIAC - ONTARIO
1243,C&D ZODIAC,3788,Double Last Row Seat Assembly,41192043-104,,,ZODIAC - ONTARIO
1244,C&D ZODIAC,3789,Double Front Row Seat Assembly,41202043-101,,,ZODIAC - ONTARIO
1245,C&D ZODIAC,3790,Double Front Row Seat Assembly,41202043-102,,,ZODIAC - ONTARIO
1246,C&D ZODIAC,3794,LH F/C Single Seat Assembly,41402005-111,,,ZODIAC - ONTARIO
1247,C&D ZODIAC,3795,"LH F/C Single Seat Assembly, AFT",41402005-113,,,ZODIAC - ONTARIO
1248,C&D ZODIAC,3796,RH F/C Double Seat Assembly,41412005-111,,,ZODIAC - ONTARIO
1249,C&D ZODIAC,3797,Double Standard Seat Assembly,41192013-111,,,ZODIAC - ONTARIO
1250,C&D ZODIAC,3798,Double Standard Seat Assembly,41192013-112,,,ZODIAC - ONTARIO
1251,C&D ZODIAC,3799,Double Last Row Seat Assembly,41192013-113,,,ZODIAC - ONTARIO
1252,C&D ZODIAC,3800,Double Last Row Seat Assembly,41192013-114,,,ZODIAC - ONTARIO
1253,C&D ZODIAC,3801,Double Front Row Seat Assembly,41202013-111,,,ZODIAC - ONTARIO
1254,C&D ZODIAC,3802,Double Front Row Seat Assembly,41202013-112,,,ZODIAC - ONTARIO
1255,C&D ZODIAC,3882,Double Standard Seat Assembly,41192045-101,,,ZODIAC - ONTARIO
1256,C&D ZODIAC,3883,Double Standard Seat Assembly,41192045-102,,,ZODIAC - ONTARIO
1257,C&D ZODIAC,3884,Double FWD Exit Seat Assembly,41192045-103,,,ZODIAC - ONTARIO
1258,C&D ZODIAC,3885,Double FWD Exit Seat Assembly,41192045-104,,,ZODIAC - ONTARIO
1259,C&D ZODIAC,3886,Double AFT Exit Seat Assembly,41192045-105,,,ZODIAC - ONTARIO
1260,C&D ZODIAC,3887,Double AFT Exit Seat Assembly,41192045-106,,,ZODIAC - ONTARIO
1261,C&D ZODIAC,3888,Double Last Row Seat Assembly,41192045-107,,,ZODIAC - ONTARIO
1262,C&D ZODIAC,3889,Double Last Row Seat Assembly,41192045-108,,,ZODIAC - ONTARIO
1263,C&D ZODIAC,3890,Double Standard Seat Assembly,41192045-111,,,ZODIAC - ONTARIO
1264,C&D ZODIAC,3891,Double Standard Seat Assembly,41192045-112,,,ZODIAC - ONTARIO
1265,C&D ZODIAC,3892,Double Front Row Seat Assembly,41202045-102,,,ZODIAC - ONTARIO
1266,C&D ZODIAC,3893,Double Front Row Seat Assembly,41202045-101,,,ZODIAC - ONTARIO
1267,C&D ZODIAC,3894,Standard Bottom Cushion Assembly,41191142-577,,,ZODIAC - ONTARIO
1268,C&D ZODIAC,3895,Standard Bottom Cushion Assembly,41191142-579,,,ZODIAC - ONTARIO
1269,C&D ZODIAC,3897,Standard Bottom Cushion Assembly,41121012-507,,,ZODIAC - ONTARIO
1270,C&D ZODIAC,3898,Double Standard,41122007-101,,,ZODIAC - ONTARIO
1271,C&D ZODIAC,3899,Double Standard,41122007-102,,,ZODIAC - ONTARIO
1272,C&D ZODIAC,3900,Double Last Row,41122007-103,,,ZODIAC - ONTARIO
1273,C&D ZODIAC,3901,Double Last Row,41122007-104,,,ZODIAC - ONTARIO
1274,C&D ZODIAC,3902,Double Exit Row,41122007-105,,,ZODIAC - ONTARIO
1275,C&D ZODIAC,3903,Double Exit Row,41122007-106,,,ZODIAC - ONTARIO
1276,C&D ZODIAC,3904,Double FWD Exit Row,41122007-107,,,ZODIAC - ONTARIO
1277,C&D ZODIAC,3905,Double FWD Exit Row,41122007-108,,,ZODIAC - ONTARIO
1278,C&D ZODIAC,3906,Double Front Row,41242007-101,,,ZODIAC - ONTARIO
1279,C&D ZODIAC,3907,Double Front Row,41242007-102,,,ZODIAC - ONTARIO
1280,C&D ZODIAC,3908,FWD Attendant Seat (AFT Facing),41131001-217,,,ZODIAC - ONTARIO
1281,C&D ZODIAC,3909,AFT Attendant Seat (AFT Facing),41131001-219,,,ZODIAC - ONTARIO
1282,C&D ZODIAC,3910,AFT Attendant Seat (FWD Facing),41142001-163,,,ZODIAC - ONTARIO
1283,C&D ZODIAC,3925,"Double Attendant Seat, AFT Facing",41461001-111,,,ZODIAC - ONTARIO
1284,C&D ZODIAC,3926,AFT Attendant Seat (FWD Facing),41142001-165,,,ZODIAC - ONTARIO
1285,C&D ZODIAC,3927,AFT Attendant Seat (AFT Facing),41131001-223,,,ZODIAC - ONTARIO
1286,C&D ZODIAC,3930,AFT Attendant Seat (FWD Facing),41142001-153,,,ZODIAC - ONTARIO
1287,C&D ZODIAC,3931,FWD Attendant Seat (AFT Facing),41131001-203,,,ZODIAC - ONTARIO
1288,C&D ZODIAC,3932,AFT Attendant Seat (AFT Facing),41131001-205,,,ZODIAC - ONTARIO
1289,C&D ZODIAC,3933,Standard Bottom Cushion Assembly,41191142-583,,,ZODIAC - ONTARIO
1290,C&D ZODIAC,3934,Double Standard Seat Assembly,41192046-101,,,ZODIAC - ONTARIO
1291,C&D ZODIAC,3935,Double Standard Seat Assembly,41192046-102,,,ZODIAC - ONTARIO
1292,C&D ZODIAC,3936,Double FWD Exit Seat Assembly,41192046-103,,,ZODIAC - ONTARIO
1293,C&D ZODIAC,3937,Double FWD Exit Seat Assembly,41192046-104,,,ZODIAC - ONTARIO
1294,C&D ZODIAC,3938,Double AFT Exit Seat Assembly,41192046-105,,,ZODIAC - ONTARIO
1295,C&D ZODIAC,3939,Double AFT Exit Seat Assembly,41192046-106,,,ZODIAC - ONTARIO
1296,C&D ZODIAC,3940,Double Last Row Seat Assembly,41192046-107,,,ZODIAC - ONTARIO
1297,C&D ZODIAC,3941,Double Last Row Seat Assembly,41192046-108,,,ZODIAC - ONTARIO
1298,C&D ZODIAC,3944,Double Front Row Seat Assembly,41202046-101,,,ZODIAC - ONTARIO
1299,C&D ZODIAC,3945,Double Front Row Seat Assembly,41202046-102,,,ZODIAC - ONTARIO
1300,C&D ZODIAC,3946,Double Standard Seat Assembly,41192047-101,,,ZODIAC - ONTARIO
1301,C&D ZODIAC,3947,Double Standard Seat Assembly,41192047-102,,,ZODIAC - ONTARIO
1302,C&D ZODIAC,3948,Double Last Row Seat Assembly,41192047-103,,,ZODIAC - ONTARIO
1303,C&D ZODIAC,3949,Double Last Row Seat Assembly,41192047-104,,,ZODIAC - ONTARIO
1304,C&D ZODIAC,3950,Double Front Row Seat Assembly,41202047-101,,,ZODIAC - ONTARIO
1305,C&D ZODIAC,3951,Double Front Row Seat Assembly,41202047-102,,,ZODIAC - ONTARIO
1306,C&D ZODIAC,3952,Double Exit Seat Assembly,41032046-101,,,ZODIAC - ONTARIO
1307,C&D ZODIAC,3953,Sinlge Exit Seat Assembly,41042046-101,,,ZODIAC - ONTARIO
1308,C&D ZODIAC,3954,Double Front Row Seat Assembly,41072046-101,,,ZODIAC - ONTARIO
1309,C&D ZODIAC,3955,Single Front Row Seat Assembly,41082046-101,,,ZODIAC - ONTARIO
1310,C&D ZODIAC,3959,"Double, Standard Seat Assembly",41032045-101,,,ZODIAC - ONTARIO
1311,C&D ZODIAC,3960,"Double, Sliding Food Tray Seat Assembly",41032045-103,,,ZODIAC - ONTARIO
1312,C&D ZODIAC,3961,"Double, Exit Row Seat Assembly",41032045-105,,,ZODIAC - ONTARIO
1313,C&D ZODIAC,3962,"Double, Last Row Seat Assembly",41032045-107,,,ZODIAC - ONTARIO
1314,C&D ZODIAC,3963,"Single, Standard Seat Assembly",41042045-101,,,ZODIAC - ONTARIO
1315,C&D ZODIAC,3964,"Single, Sliding Food Tray Seat Assembly",41042045-103,,,ZODIAC - ONTARIO
1316,C&D ZODIAC,3965,"Single, Exit Row Seat Assembly",41042045-105,,,ZODIAC - ONTARIO
1317,C&D ZODIAC,3966,"Single, Last Row Seat Assembly",41042045-107,,,ZODIAC - ONTARIO
1318,C&D ZODIAC,3967,"Double, Front Row Seat Assembly",41072045-101,,,ZODIAC - ONTARIO
1319,C&D ZODIAC,3968,"Single, Front Row Seat Assembly",41082045-101,,,ZODIAC - ONTARIO
1320,C&D ZODIAC,3969,Standard  Bottom Cushion Assembly,41031449-517,,,ZODIAC - ONTARIO
1321,C&D ZODIAC,3970,Exit Bottom Cushion Assembly,41031464-509,,,ZODIAC - ONTARIO
1322,C&D ZODIAC,3971,Standard Bottom Cushion Assembly,41121012-509,,,ZODIAC - ONTARIO
1323,C&D ZODIAC,3972,Double Standard Seat Assembly,41192048-101,,,ZODIAC - ONTARIO
1324,C&D ZODIAC,3973,Double Standard Seat Assembly,41192048-102,,,ZODIAC - ONTARIO
1325,C&D ZODIAC,3974,Double Last Row Seat Assembly,41192048-103,,,ZODIAC - ONTARIO
1326,C&D ZODIAC,3975,Double Last Row Seat Assembly,41192048-104,,,ZODIAC - ONTARIO
1327,C&D ZODIAC,3976,Double Front Row Seat Assembly,41202048-101,,,ZODIAC - ONTARIO
1328,C&D ZODIAC,3977,Double Front Row Seat Assembly,41202048-102,,,ZODIAC - ONTARIO
1329,C&D ZODIAC,3978,Double Standard Seat Assembly,41122006-101,,,ZODIAC - ONTARIO
1330,C&D ZODIAC,3979,Double Standard Seat Assembly,41122006-102,,,ZODIAC - ONTARIO
1331,C&D ZODIAC,3980,Double Last Row Seat Assembly,41122006-103,,,ZODIAC - ONTARIO
1332,C&D ZODIAC,3981,Double Last Row Seat Assembly,41122006-104,,,ZODIAC - ONTARIO
1333,C&D ZODIAC,3982,Double Front Row Seat Assembly,41242006-101,,,ZODIAC - ONTARIO
1334,C&D ZODIAC,3983,Double Front Row Seat Assembly,41242006-102,,,ZODIAC - ONTARIO
1335,C&D ZODIAC,3985,"Double, Standard Seat Assembly",41032048-101,,,ZODIAC - ONTARIO
1336,C&D ZODIAC,3986,"Double, FWD Exit Row Seat Assembly",41032048-103,,,ZODIAC - ONTARIO
1337,C&D ZODIAC,3987,"Double, Exit Row Seat Assembly",41032048-105,,,ZODIAC - ONTARIO
1338,C&D ZODIAC,3988,"Single, Standard Seat Assembly",41042048-101,,,ZODIAC - ONTARIO
1339,C&D ZODIAC,3989,"Single, FWD Exit Row Seat Assembly",41042048-103,,,ZODIAC - ONTARIO
1340,C&D ZODIAC,3990,"Single, Exit Row Seat Assembly",41042048-105,,,ZODIAC - ONTARIO
1341,C&D ZODIAC,3991,"Double, Front Row Seat Assembly",41072048-101,,,ZODIAC - ONTARIO
1342,C&D ZODIAC,3992,"Single, Front Row Seat Assembly",41082048-101,,,ZODIAC - ONTARIO
1343,C&D ZODIAC,4000,"Double Attendant Seat, AFT Facing",41461001-113,,,ZODIAC - ONTARIO
1344,C&D ZODIAC,4005,AFT Attendant Seat (FWD Facing),41142001-167,,,ZODIAC - ONTARIO
1345,C&D ZODIAC,4006,AFT Attendant Seat (FWD Facing),41142001-169,,,ZODIAC - ONTARIO
1346,C&D ZODIAC,4007,FWD Attendant Seat (AFT Facing),41131001-225,,,ZODIAC - ONTARIO
1347,C&D ZODIAC,4008,FWD Attendant Seat (AFT Facing),41131001-229,,,ZODIAC - ONTARIO
1348,C&D ZODIAC,4009,AFT Attendant Seat (AFT Facing),41131001-227,,,ZODIAC - ONTARIO
1349,C&D ZODIAC,4010,AFT Attendant Seat (AFT Facing),41131001-231,,,ZODIAC - ONTARIO
1350,C&D ZODIAC,4011,Double Attendant Seat. AFT Facing,41461001-115,,,ZODIAC - ONTARIO
1351,C&D ZODIAC,4012,Doule Standard Seat Assembly,41192016-111,,,ZODIAC - ONTARIO
1352,C&D ZODIAC,4013,Doule Standard Seat Assembly,41192016-112,,,ZODIAC - ONTARIO
1353,C&D ZODIAC,4014,Double Front Row Seat Assembly,41202016-111,,,ZODIAC - ONTARIO
1354,C&D ZODIAC,4015,Double Front Row Seat Assembly,41202016-112,,,ZODIAC - ONTARIO
1355,C&D ZODIAC,4016,Standard Bottom Cushion Assembly,41191142-585,,,ZODIAC - ONTARIO
1356,C&D ZODIAC,4017,Standard Bottom Cushion Assembly,41191142-587,,,ZODIAC - ONTARIO
1357,C&D ZODIAC,4018,Double Standard Seat Assembly,41192049-101,,,ZODIAC - ONTARIO
1358,C&D ZODIAC,4019,Double Standard Seat Assembly,41192049-102,,,ZODIAC - ONTARIO
1359,C&D ZODIAC,4020,Double Standard Seat Assembly,41192049-111,,,ZODIAC - ONTARIO
1360,C&D ZODIAC,4021,Double Standard Seat Assembly,41192049-112,,,ZODIAC - ONTARIO
1361,C&D ZODIAC,4022,Double Last Row Seat Assembly,41192049-103,,,ZODIAC - ONTARIO
1362,C&D ZODIAC,4023,Double Last Row Seat Assembly,41192049-104,,,ZODIAC - ONTARIO
1363,C&D ZODIAC,4024,Double Front Row Seat Assembly,41202049-101,,,ZODIAC - ONTARIO
1364,C&D ZODIAC,4025,Double Front Row Seat Assembly,41202049-102,,,ZODIAC - ONTARIO
1365,C&D ZODIAC,4026,AFT Attendant Seat (FWD Facing),41142001-171,,,ZODIAC - ONTARIO
1366,C&D ZODIAC,4027,AFT Attendant Seat (FWD Facing),41142001-173,,,ZODIAC - ONTARIO
1367,C&D ZODIAC,4028,Standard Bottom Cushion Assembly,41031361-523,,,ZODIAC - ONTARIO
1368,C&D ZODIAC,4029,Standard Bottom Cushion Assembly,41401025-535,,,ZODIAC - ONTARIO
1369,C&D ZODIAC,4030,Standard Bottom Cushion Assembly,41191142-593,,,ZODIAC - ONTARIO
1370,C&D ZODIAC,4031,Double Standard Seat Assembly,41192051-101,,,ZODIAC - ONTARIO
1371,C&D ZODIAC,4032,Double Standard Seat Assembly,41192051-102,,,ZODIAC - ONTARIO
1372,C&D ZODIAC,4033,Double FWD Exit Seat Assembly,41192051-103,,,ZODIAC - ONTARIO
1373,C&D ZODIAC,4034,Double FWD Exit Seat Assembly,41192051-104,,,ZODIAC - ONTARIO
1374,C&D ZODIAC,4035,Double AFT Exit Seat Assembly,41192051-105,,,ZODIAC - ONTARIO
1375,C&D ZODIAC,4036,Double AFT Exit Seat Assembly,41192051-106,,,ZODIAC - ONTARIO
1376,C&D ZODIAC,4037,Double Last Row Seat Assembly,41192051-107,,,ZODIAC - ONTARIO
1377,C&D ZODIAC,4038,Double Last Row Seat Assembly,41192051-108,,,ZODIAC - ONTARIO
1378,C&D ZODIAC,4039,Double Standard Seat Assembly,41192051-111,,,ZODIAC - ONTARIO
1379,C&D ZODIAC,4040,Double Standard Seat Assembly,41192051-112,,,ZODIAC - ONTARIO
1380,C&D ZODIAC,4041,Double Front Row Seat Assembly,41202051-101,,,ZODIAC - ONTARIO
1381,C&D ZODIAC,4042,Double Front Row Seat Assembly,41202051-102,,,ZODIAC - ONTARIO
1382,C&D ZODIAC,4047,Double Standard Seat Assembly,41192053-101,,,ZODIAC - ONTARIO
1383,C&D ZODIAC,4048,Double Standard Seat Assembly,41192053-102,,,ZODIAC - ONTARIO
1384,C&D ZODIAC,4049,Double FWD Exit Seat Assembly,41192053-103,,,ZODIAC - ONTARIO
1385,C&D ZODIAC,4050,Double FWD Exit Seat Assembly,41192053-104,,,ZODIAC - ONTARIO
1386,C&D ZODIAC,4051,Double AFT Exit Seat Assembly,41192053-105,,,ZODIAC - ONTARIO
1387,C&D ZODIAC,4052,Double AFT Exit Seat Assembly,41192053-106,,,ZODIAC - ONTARIO
1388,C&D ZODIAC,4053,Double Last Row Seat Assembly,41192053-107,,,ZODIAC - ONTARIO
1389,C&D ZODIAC,4054,Double Last Row Seat Assembly,41192053-108,,,ZODIAC - ONTARIO
1390,C&D ZODIAC,4055,Double Standard Seat Assembly,41192053-111,,,ZODIAC - ONTARIO
1391,C&D ZODIAC,4056,Double Standard Seat Assembly,41192053-112,,,ZODIAC - ONTARIO
1392,C&D ZODIAC,4057,Double Front Row Seat Assembly,41202053-101,,,ZODIAC - ONTARIO
1393,C&D ZODIAC,4058,Double Front Row Seat Assembly,41202053-102,,,ZODIAC - ONTARIO
1394,C&D ZODIAC,4059,Double Standard Seat Assembly,41192052-101,,,ZODIAC - ONTARIO
1395,C&D ZODIAC,4060,Double Standard Seat Assembly,41192052-102,,,ZODIAC - ONTARIO
1396,C&D ZODIAC,4061,Double Last Row Seat Assembly,41192052-103,,,ZODIAC - ONTARIO
1397,C&D ZODIAC,4062,Double Last Row Seat Assembly,41192052-104,,,ZODIAC - ONTARIO
1398,C&D ZODIAC,4063,Double Front Row Seat Assembly,41202052-101,,,ZODIAC - ONTARIO
1399,C&D ZODIAC,4064,Double Front Row Seat Assembly,41202052-102,,,ZODIAC - ONTARIO
1400,C&D ZODIAC,4065,LH F/C Single Seat Assembly,41402018-101,,,ZODIAC - ONTARIO
1401,C&D ZODIAC,4066,RH F/C Double Seat Assembly,41412018-101,,,ZODIAC - ONTARIO
1402,C&D ZODIAC,4067,FWD Attendant Seat (AFT Facing),41131001-235,,,ZODIAC - ONTARIO
1403,C&D ZODIAC,4068,AFT Attendant Seat (AFT Facing),41131001-233,,,ZODIAC - ONTARIO
1404,C&D ZODIAC,4069,AFT Attendant Seat (AFT Facing),41131001-237,,,ZODIAC - ONTARIO
1405,C&D ZODIAC,4070,Double Standard Seat Assembly,41192050-101,,,ZODIAC - ONTARIO
1406,C&D ZODIAC,4071,Double Standard Seat Assembly,41192050-102,,,ZODIAC - ONTARIO
1407,C&D ZODIAC,4072,Double Last Row Seat Assembly,41192050-103,,,ZODIAC - ONTARIO
1408,C&D ZODIAC,4073,Double Last Row Seat Assembly,41192050-104,,,ZODIAC - ONTARIO
1409,C&D ZODIAC,4074,Double Standard Seat Assembly,41192050-111,,,ZODIAC - ONTARIO
1410,C&D ZODIAC,4075,Double Standard Seat Assembly,41192050-112,,,ZODIAC - ONTARIO
1411,C&D ZODIAC,4076,Double Standard,41122008-101,,,ZODIAC - ONTARIO
1412,C&D ZODIAC,4077,Double Standard,41122008-102,,,ZODIAC - ONTARIO
1413,C&D ZODIAC,4078,Double Last Row,41122008-103,,,ZODIAC - ONTARIO
1414,C&D ZODIAC,4079,Double Last Row,41122008-104,,,ZODIAC - ONTARIO
1415,C&D ZODIAC,4080,Double Exit Row ,41122008-105,,,ZODIAC - ONTARIO
1416,C&D ZODIAC,4081,Double Exit Row ,41122008-106,,,ZODIAC - ONTARIO
1417,C&D ZODIAC,4082,Double FWD Exit Row ,41122008-107,,,ZODIAC - ONTARIO
1418,C&D ZODIAC,4083,Double FWD Exit Row ,41122008-108,,,ZODIAC - ONTARIO
1419,C&D ZODIAC,4084,Double Front Row,41242008-101,,,ZODIAC - ONTARIO
1420,C&D ZODIAC,4085,Double Front Row,41242008-102,,,ZODIAC - ONTARIO
1421,C&D ZODIAC,4086,Double Front Row Seat Assembly,41202050-101,,,ZODIAC - ONTARIO
1422,C&D ZODIAC,4087,Double Front Row Seat Assembly,41202050-102,,,ZODIAC - ONTARIO
1423,C&D ZODIAC,4088,Standard Bottom Cushion Assembly,41121012-511,,,ZODIAC - ONTARIO
1424,C&D ZODIAC,4089,Standard Bottom Cushion Assembly,41191142-589,,,ZODIAC - ONTARIO
1425,C&D ZODIAC,4107,Standard Bottom Cushion Assembly,41191142-595,,,ZODIAC - ONTARIO
1426,C&D ZODIAC,4113,"Double, Standard Seat Assembly",41032027-111,,,ZODIAC - ONTARIO
1427,C&D ZODIAC,4114,"Double, Standard Seat Assembly",41032027-113,,,ZODIAC - ONTARIO
1428,C&D ZODIAC,4115,"Double, Standard Seat Assembly Sliding Tray",41032027-115,,,ZODIAC - ONTARIO
1429,C&D ZODIAC,4116,"Double, Exit Row Seat Assembly",41032027-117,,,ZODIAC - ONTARIO
1430,C&D ZODIAC,4117,"Double, Last Row Seat Assembly",41032027-119,,,ZODIAC - ONTARIO
1431,C&D ZODIAC,4118,"Single, Standard Seat Assembly",41042027-111,,,ZODIAC - ONTARIO
1432,C&D ZODIAC,4119,"Single, Standard Seat Assembly",41042027-113,,,ZODIAC - ONTARIO
1433,C&D ZODIAC,4120,"Single, Standard Seat Assembly, Sliding Tray",41042027-115,,,ZODIAC - ONTARIO
1434,C&D ZODIAC,4121,"Single, Exit Row Seat Assembly",41042027-117,,,ZODIAC - ONTARIO
1435,C&D ZODIAC,4122,"Single, Last Row Seat Assembly",41042027-119,,,ZODIAC - ONTARIO
1436,C&D ZODIAC,4123,"Double, Front Row Seat Assembly",41072027-111,,,ZODIAC - ONTARIO
1437,C&D ZODIAC,4124,"Single, Front Row Seat Assembly",41082027-111,,,ZODIAC - ONTARIO
1438,C&D ZODIAC,4146,Double Standard Seat Assembly,41192054-101,,,ZODIAC - ONTARIO
1439,C&D ZODIAC,4147,Double Standard Seat Assembly,41192054-102,,,ZODIAC - ONTARIO
1440,C&D ZODIAC,4148,Double FWD Exit Seat Assembly,41192054-103,,,ZODIAC - ONTARIO
1441,C&D ZODIAC,4149,Double FWD Exit Seat Assembly,41192054-104,,,ZODIAC - ONTARIO
1442,C&D ZODIAC,4150,Double AFT Exit Seat Assembly,41192054-105,,,ZODIAC - ONTARIO
1443,C&D ZODIAC,4151,Double AFT Exit Seat Assembly,41192054-106,,,ZODIAC - ONTARIO
1444,C&D ZODIAC,4152,Double Last Row Seat Assembly,41192054-107,,,ZODIAC - ONTARIO
1445,C&D ZODIAC,4153,Double Last Row Seat Assembly,41192054-108,,,ZODIAC - ONTARIO
1446,C&D ZODIAC,4154,Double Front Row Seat Assembly,41202054-101,,,ZODIAC - ONTARIO
1447,C&D ZODIAC,4155,Double Front Row Seat Assembly,41202054-102,,,ZODIAC - ONTARIO
1448,C&D ZODIAC,4156,Double Front Row Seat Assembly,41202031-111,,,ZODIAC - ONTARIO
1449,C&D ZODIAC,4157,Double Front Row Seat Assembly,41202031-112,,,ZODIAC - ONTARIO
1450,C&D ZODIAC,4188,Double Standard Seat Assembly (Y-belt & sliding tray),41192030-111,,,ZODIAC - ONTARIO
1451,C&D ZODIAC,4189,Double Standard Seat Assembly (Y-belt & sliding tray),41192030-112,,,ZODIAC - ONTARIO
1452,C&D ZODIAC,4190,Double Standard Seat Assembly (Y-belt & fixed tray),41192030-113,,,ZODIAC - ONTARIO
1453,C&D ZODIAC,4191,Double Standard Seat Assembly (Y-belt & fixed tray),41192030-114,,,ZODIAC - ONTARIO
1454,C&D ZODIAC,4192,Double Front Row Seat Assembly (Sliding Tray),41202030-111,,,ZODIAC - ONTARIO
1455,C&D ZODIAC,4193,Double Front Row Seat Assembly (Sliding Tray),41202030-112,,,ZODIAC - ONTARIO
1456,C&D ZODIAC,4194,Double Last Row Seat Assembly,41192051-117,,,ZODIAC - ONTARIO
1457,C&D ZODIAC,4195,Double Last Row Seat Assembly,41192051-118,,,ZODIAC - ONTARIO
1458,C&D ZODIAC,4196,Double Front Row Seat Assembly,41202051-111,,,ZODIAC - ONTARIO
1459,C&D ZODIAC,4197,Double Front Row Seat Assembly,41202051-112,,,ZODIAC - ONTARIO
1460,C&D ZODIAC,4209,Standard Bottom Cushion Assembly,41031449-511,,,ZODIAC - ONTARIO
1461,C&D ZODIAC,4210,Exit Row Bottom Cushion Assembly,41031285-513,,,ZODIAC - ONTARIO
1462,C&D ZODIAC,4215,Standard Bottom Cushion Assembly,41401025-537,,,ZODIAC - ONTARIO
1463,C&D ZODIAC,4219,Double Standard Seat Assembly,41122010-101,,,ZODIAC - ONTARIO
1464,C&D ZODIAC,4220,Double Standard Seat Assembly,41122010-102,,,ZODIAC - ONTARIO
1465,C&D ZODIAC,4221,Double Last Row Seat Assembly,41122010-103,,,ZODIAC - ONTARIO
1466,C&D ZODIAC,4222,Double Last Row Seat Assembly,41122010-104,,,ZODIAC - ONTARIO
1467,C&D ZODIAC,4223,Double Exit Row Seat Assembly,41122010-105,,,ZODIAC - ONTARIO
1468,C&D ZODIAC,4224,Double Exit Row Seat Assembly,41122010-106,,,ZODIAC - ONTARIO
1469,C&D ZODIAC,4225,Double FWD Exit Row Seat Assembly,41122010-107,,,ZODIAC - ONTARIO
1470,C&D ZODIAC,4226,Double FWD Exit Row Seat Assembly,41122010-108,,,ZODIAC - ONTARIO
1471,C&D ZODIAC,4227,Double Front Row Seat Assembly,41242010-101,,,ZODIAC - ONTARIO
1472,C&D ZODIAC,4228,Double Front Row Seat Assembly,41242010-102,,,ZODIAC - ONTARIO
1473,C&D ZODIAC,4229,FWD Attendant Seat (AFT Facing),41131001-241,,,ZODIAC - ONTARIO
1474,C&D ZODIAC,4230,AFT Attendant Seat (AFT Facing),41131001-243,,,ZODIAC - ONTARIO
1475,C&D ZODIAC,4231,AFT Attendant Seat (AFT Facing),41131001-245,,,ZODIAC - ONTARIO
1476,C&D ZODIAC,4232,AFT Attendant Seat (FWD Facing),41142001-175,,,ZODIAC - ONTARIO
1477,C&D ZODIAC,4233,"Standard Bottom Cushion Assembly, Standard",41571012-501-( ),,,ZODIAC - ONTARIO
1478,C&D ZODIAC,4234,"Standard Bottom Cushion Assembly, Thick",41571012-503-( ),,,ZODIAC - ONTARIO
1479,C&D ZODIAC,4235,Standard Bottom Cushion Assembly,41121012-513,,,ZODIAC - ONTARIO
1480,C&D ZODIAC,4236,LH F/C Single Seat Assembly,41402020-101,,,ZODIAC - ONTARIO
1481,C&D ZODIAC,4237,RH F/C Double Seat Assembly,41412020-101,,,ZODIAC - ONTARIO
1482,C&D ZODIAC,4238,LH F/C Single Last Row Seat Assembly,41402020-103,,,ZODIAC - ONTARIO
1483,C&D ZODIAC,4239,RH F/C Double Last Row Seat Assembly,41412020-103,,,ZODIAC - ONTARIO
1484,C&D ZODIAC,4240,Double Front Row Seat Assembly,41576001-( )-( ),,,ZODIAC - ONTARIO
1485,C&D ZODIAC,4241,Double Standard Seat Assembly,41572001-( )-( ),,,ZODIAC - ONTARIO
1486,C&D ZODIAC,4242,Double Forward Exit Row Seat Assemby,41573001-( )-( ),,,ZODIAC - ONTARIO
1487,C&D ZODIAC,4243,Double Exit Row Assembly,41574001-( )-( ),,,ZODIAC - ONTARIO
1488,C&D ZODIAC,4244,Double Last Row Seat Assembly,41575001-( )-( ),,,ZODIAC - ONTARIO
1489,C&D ZODIAC,4245,Standard Bottom Cushion Assembly,41031449-501,,,ZODIAC - ONTARIO
1490,C&D ZODIAC,4246,Exit Bottom Cushion Assembly,41031438-503,,,ZODIAC - ONTARIO
1491,C&D ZODIAC,4247,Standard Bottom Cushion Assembly,41031449-505,,,ZODIAC - ONTARIO
1492,C&D ZODIAC,4248,Standard Bottom Cushion Assembly,41031449-503,,,ZODIAC - ONTARIO
1493,C&D ZODIAC,4250,Standard Bottom Cushion Assembly,41191142-597,,,ZODIAC - ONTARIO
1494,CMC ELECTRONICS INC.,1725,Primus Epic GPS Receiver Assembly,245-604067-(001),,,CMC
1495,COBHAM AVIONICS - AIR PRÉCISION,4461,Emergency Locator Transmitter ELT 96-( )STD,ELT 96-( )STD,,,AIR PRÉCISION
1496,COBHAM AVIONICS - AIR PRÉCISION,4462,ELT96 accessory,ELT96( )RCP,,,AIR PRÉCISION
1497,COBHAM AVIONICS - AIR PRÉCISION,4463,ELT96 accessory,ELT96( )DGL,,,AIR PRÉCISION
1498,COBHAM AVIONICS - AIR PRÉCISION,4464,ELT96 accessory,13(XX)-82,,,AIR PRÉCISION
1499,COBHAM AVIONICS - AIR PRÉCISION,4465,ELT96 accessory,ELT90A2560013( ),,,AIR PRÉCISION
1500,COBHAM AVIONICS - AIR PRÉCISION,4466,ELT96 accessory,ELT90A2560500( ),,,AIR PRÉCISION
1501,COLTECH INC.,2141,Selcal Decoder,1200006-010,,,COLTECH
1502,CURTIS SUPERIOR VALVE CO.,4451,Fuel Drain Valves,CCB-4320,,,CURTIS
1503,"DB SYSTEMS, INC",1798,Audio Control Amplifier,Model 417,,,DB SYSTEMS
1504,"DB SYSTEMS, INC",1799,Microphone Amplifier,Model 263-000,,,DB SYSTEMS
1505,"DB SYSTEMS, INC",1800,Audio Selector Panel,Model 343-001,,,DB SYSTEMS
1506,"DB SYSTEMS, INC",2631,Aural Warning Generator,-,,,DB SYSTEMS
1507,DECRANE AIRCRAFT SEATING COMPANY,3806,L/H Basic Seat,403097-1,,,DECRANE ACFT SEATING
1508,DECRANE AIRCRAFT SEATING COMPANY,3807,R/H Basic Seat,403097-2,,,DECRANE ACFT SEATING
1509,DECRANE AIRCRAFT SEATING COMPANY,3808,L/H Seat (BT),403097-3,,,DECRANE ACFT SEATING
1510,DECRANE AIRCRAFT SEATING COMPANY,3809,R/H Seat (BT),403097-4,,,DECRANE ACFT SEATING
1511,KANNAD,3850,Emergency Locator Transmitter,S1820502-02,,,KANNAD
1512,DECRANE AIRCRAFT SEATING COMPANY,3810,L/H Seat (FT),403097-5,,,DECRANE ACFT SEATING
1513,DECRANE AIRCRAFT SEATING COMPANY,3811,R/H Seat (FT),403097-6,,,DECRANE ACFT SEATING
1514,DECRANE AIRCRAFT SEATING COMPANY,3812,"L/H Seat (FT, BT)",403097-7,,,DECRANE ACFT SEATING
1515,DECRANE AIRCRAFT SEATING COMPANY,3813,"R/H Seat (FT, BT)",403097-8,,,DECRANE ACFT SEATING
1516,DECRANE AIRCRAFT SEATING COMPANY,3814,LH FWD Facing,403097-29AA,,,DECRANE ACFT SEATING
1517,DECRANE AIRCRAFT SEATING COMPANY,3815,LH FWD Facing,403097-29AB,,,DECRANE ACFT SEATING
1518,DECRANE AIRCRAFT SEATING COMPANY,3816,LH FWD Facing,403097-29AC,,,DECRANE ACFT SEATING
1519,DECRANE AIRCRAFT SEATING COMPANY,3817,LH FWD Facing,403097-29AD,,,DECRANE ACFT SEATING
1520,DECRANE AIRCRAFT SEATING COMPANY,3818,LH FWD Facing,403097-29AE,,,DECRANE ACFT SEATING
1521,DECRANE AIRCRAFT SEATING COMPANY,3819,LH FWD Facing,403097-29AF,,,DECRANE ACFT SEATING
1522,DECRANE AIRCRAFT SEATING COMPANY,3820,LH FWD Facing,403097-29AG,,,DECRANE ACFT SEATING
1523,DECRANE AIRCRAFT SEATING COMPANY,3821,RH FWD Facing,403097-30AA,,,DECRANE ACFT SEATING
1524,DECRANE AIRCRAFT SEATING COMPANY,3822,RH FWD Facing,403097-30AB,,,DECRANE ACFT SEATING
1525,DECRANE AIRCRAFT SEATING COMPANY,3823,RH FWD Facing,403097-30AC,,,DECRANE ACFT SEATING
1526,DECRANE AIRCRAFT SEATING COMPANY,3824,RH FWD Facing,403097-30AD,,,DECRANE ACFT SEATING
1527,DECRANE AIRCRAFT SEATING COMPANY,3825,RH FWD Facing,403097-30AE,,,DECRANE ACFT SEATING
1528,DECRANE AIRCRAFT SEATING COMPANY,3826,RH FWD Facing,403097-30AF,,,DECRANE ACFT SEATING
1529,DECRANE AIRCRAFT SEATING COMPANY,3827,RH FWD Facing,403097-30AG,,,DECRANE ACFT SEATING
1530,DECRANE AIRCRAFT SEATING COMPANY,3828,LH AFT Facing,403097-31AA,,,DECRANE ACFT SEATING
1531,DECRANE AIRCRAFT SEATING COMPANY,3829,LH AFT Facing,403097-31AB,,,DECRANE ACFT SEATING
1532,DECRANE AIRCRAFT SEATING COMPANY,3830,LH AFT Facing,403097-31AC,,,DECRANE ACFT SEATING
1533,DECRANE AIRCRAFT SEATING COMPANY,3831,LH AFT Facing,403097-31AD,,,DECRANE ACFT SEATING
1534,DECRANE AIRCRAFT SEATING COMPANY,3832,LH AFT Facing,403097-31AE,,,DECRANE ACFT SEATING
1535,DECRANE AIRCRAFT SEATING COMPANY,3833,LH AFT Facing,403097-31AF,,,DECRANE ACFT SEATING
1536,DECRANE AIRCRAFT SEATING COMPANY,3834,LH AFT Facing,403097-31AG,,,DECRANE ACFT SEATING
1537,DECRANE AIRCRAFT SEATING COMPANY,3835,RH AFT Facing,403097-32AA,,,DECRANE ACFT SEATING
1538,DECRANE AIRCRAFT SEATING COMPANY,3836,RH AFT Facing,403097-32AB,,,DECRANE ACFT SEATING
1539,DECRANE AIRCRAFT SEATING COMPANY,3837,RH AFT Facing,403097-32AC,,,DECRANE ACFT SEATING
1540,DECRANE AIRCRAFT SEATING COMPANY,3838,RH AFT Facing,403097-32AE,,,DECRANE ACFT SEATING
1541,DECRANE AIRCRAFT SEATING COMPANY,3839,RH AFT Facing,403097-32AD,,,DECRANE ACFT SEATING
1542,DECRANE AIRCRAFT SEATING COMPANY,3840,RH AFT Facing,403097-32AF,,,DECRANE ACFT SEATING
1543,DECRANE AIRCRAFT SEATING COMPANY,3841,RH AFT Facing,403097-32AG,,,DECRANE ACFT SEATING
1544,DECRANE AIRCRAFT SEATING COMPANY,4100,Executive Single Cabin Seat,603135-( ),,,DECRANE ACFT SEATING
1545,DECRANE AIRCRAFT SEATING COMPANY,4101,Executive Single Cabin Seat,603140-( ),,,DECRANE ACFT SEATING
1546,DECRANE AIRCRAFT SEATING COMPANY,4102,Executive Double Cabin Seat,603136-( ),,,DECRANE ACFT SEATING
1547,DECRANE AIRCRAFT SEATING COMPANY,4131,L/H Forward Facing,403176-1,,,DECRANE ACFT SEATING
1548,DECRANE AIRCRAFT SEATING COMPANY,4132,R/H Forward Facing,403176-2,,,DECRANE ACFT SEATING
1549,DECRANE AIRCRAFT SEATING COMPANY,4133,L/H Aft Facing,403176-3,,,DECRANE ACFT SEATING
1550,DECRANE AIRCRAFT SEATING COMPANY,4134,R/H Aft Facing,403176-4,,,DECRANE ACFT SEATING
1551,DECRANE AIRCRAFT SEATING COMPANY,4158,L/H Forward Facing,403174-1(  ),,,DECRANE ACFT SEATING
1552,DECRANE AIRCRAFT SEATING COMPANY,4159,R/H Forward Facing,403174-2(  ),,,DECRANE ACFT SEATING
1553,DECRANE AIRCRAFT SEATING COMPANY,4160,L/H Aft Facing,403174-3(  ),,,DECRANE ACFT SEATING
1554,DECRANE AIRCRAFT SEATING COMPANY,4161,R/H Aft Facing,403174-4(  ),,,DECRANE ACFT SEATING
1555,DECRANE AIRCRAFT SEATING COMPANY,4162,"L/H Side Facing Divan Module, 25.0'",260068-1,,,DECRANE ACFT SEATING
1556,DECRANE AIRCRAFT SEATING COMPANY,4163,"R/H Side Facing Divan Module, 25.0'",260068-2,,,DECRANE ACFT SEATING
1557,DECRANE AIRCRAFT SEATING COMPANY,4164,"L/H Side Facing Divan Module, 25.0'",260068-3,,,DECRANE ACFT SEATING
1558,DECRANE AIRCRAFT SEATING COMPANY,4165,"R/H Side Facing Divan Module, 25.0'",260068-4,,,DECRANE ACFT SEATING
1559,DORNE AND MARGOLIN INC.,2396,VOR/LOC Antenna Balanced Loop,DM N4-7,,,DORNE & MARGOLIN
1560,DORNE AND MARGOLIN INC.,2397,ELT Antenna,DM Q18-3,,,DORNE & MARGOLIN
1561,DORNE AND MARGOLIN INC.,2398,Radio Altimeter Antenna,DM PN3-12/A,,,DORNE & MARGOLIN
1562,DORNE AND MARGOLIN INC.,2399,Emergency Locator Transmitter,DM SE 107-( ),,,DORNE & MARGOLIN
1563,DRAEGER AEROSPACE GMBH,2247,Crewmember Protective Breathing Equipment,E28180-10,,,DRAEGER
1564,DUNLOP AIRCRAFT TYRES LIMITED,2497,Aircraft Tire 24x7.25-12 12PR,DR7157T,,,DUNLOP
1565,DUNLOP AIRCRAFT TYRES LIMITED,2498,Aircraft Tire 18x5.5 8PR,DR9835T,,,DUNLOP
1566,DUNLOP AIRCRAFT TYRES LIMITED,2499,Aircraft Tire 19.5x6.75-8 8PR,DR30508T,,,DUNLOP
1567,DUNLOP AIRCRAFT TYRES LIMITED,2500,Aircraft Tire 30x9.5-14 16PR,DR31116T,,,DUNLOP
1568,DUNLOP AIRCRAFT TYRES LIMITED,2501,Aircraft Tire H30x9.5-16 16PR,DR31216T,,,DUNLOP
1569,DUNLOP AIRCRAFT TYRES LIMITED,2502,Aircraft Tire H38x13.0-18 18PR,DR31018T,,,DUNLOP
1570,DUNLOP AIRCRAFT TYRES LIMITED,2503,Aircraft Tire 24x7.7 12PR,DR15855T,,,DUNLOP
1571,DUNLOP AIRCRAFT TYRES LIMITED,2721,Aircraft Tire 24x7.7 16PR,DR15857T,,,DUNLOP
1572,DUNLOP AIRCRAFT TYRES LIMITED,2722,Aircraft Tire H41x16.0-20 22PR,DR31722T,,,DUNLOP
1573,EASTERN AERO MARINE,2142,Life Preserver,P0723 E105P,,,EASTERN
1574,EASTERN AERO MARINE,2716,Life Preserver,P0723-103,,,EASTERN
1575,EASTERN AERO MARINE,2717,Life Preserver,P01074-101,,,EASTERN
1576,EASTERN AERO MARINE,2718,Life Preserver,P0640-101,,,EASTERN
1577,EASTERN AERO MARINE,3412,Life Preserver,P0723-XXX,,,EASTERN
1578,EASTERN AERO MARINE,3413,Life Preserver,P0723EXXX,,,EASTERN
1579,EASTERN AERO MARINE,3414,Life Preserver,P01074-1XX,,,EASTERN
1580,EASTERN AERO MARINE,3716,Life Raft,R1300-XXX,,,EASTERN
1581,EASTERN AERO MARINE,4112,Life Preserver (Infant),P0640-( ),,,EASTERN
1582,EATON CORPORATION,2874,Mangueira - (Sistema de Óleo e Combustível do Motor),950004-(XX) - (Óleo e Combustível),,,EATON
1583,EATON CORPORATION,2875,Mangueira - (Sistema Hidráulico),950004-(XX) - (Hidráulica),,,EATON
1584,EATON CORPORATION,2876,Mangueira - (Sistema de Óleo e Combustível do Motor),360-(XX) - (Óleo e Combustível),,,EATON
1585,EATON CORPORATION,2877,Mangueira - (Sistema Hidráulico),360-(XX) - (Hidráulica),,,EATON
1586,EATON CORPORATION,2878,Mangueira - (Sistema de Óleo e Combustível do Motor),624000-(XX) - (Óleo e Combustível),,,EATON
1587,EATON CORPORATION,2879,Mangueira - (Sistema de Óleo e Combustível do Motor),624000-(XX)D - (Óleo e Combustível),,,EATON
1588,EATON CORPORATION,2880,Mangueira - (Sistema de Óleo e Combustível do Motor),AE7013106(X) - (Óleo e Combustível),,,EATON
1589,EATON CORPORATION,2881,Mangueira - (Sistema de Óleo e Combustível do Motor),AE7013132(X) - (Óleo e Combustível),,,EATON
1590,EATON CORPORATION,2882,Mangueira - (Sistema de Óleo e Combustível do Motor),AE7013121(X) - (Óleo e Combustível),,,EATON
1591,EATON CORPORATION,2883,Mangueira - (Sistema de Óleo e Combustível do Motor),AE7010011(X) - (Óleo e Combustível),,,EATON
1592,EATON CORPORATION,2884,Mangueira - (Sistema de Óleo e Combustível do Motor),601000-(XX) - (Óleo e Combustível),,,EATON
1593,EATON CORPORATION,2885,Mangueira - (Sistema de Óleo e Combustível do Motor),701057(X) - (Óleo e Combustível),,,EATON
1594,EATON CORPORATION,2886,Mangueira - (Sistema de Óleo e Combustível do Motor),(XXX)M666303(X) - (Óleo e Combustível),,,EATON
1595,EATON CORPORATION,2887,Mangueira - (Sistema Hidráulico),(XXX)M666303(X) - (Hidráulica),,,EATON
1596,EATON CORPORATION,2888,Mangueira - (Sistema de Óleo e Combustível do Motor),AE1011303(X) - (Óleo e Combustível),,,EATON
1597,EATON CORPORATION,2889,Mangueira - (Sistema Hidráulico),AE1011303(X) - (Hidráulica),,,EATON
1598,EATON CORPORATION,2890,Mangueira - (Sistema de Óleo e Combustível do Motor),AE3660000(X) - (Óleo e Combustível),,,EATON
1599,EATON CORPORATION,2891,Mangueira - (Sistema Hidráulico),AE3660000(X) - (Hidráulica),,,EATON
1600,EATON CORPORATION,2892,Mangueira - (Sistema de Óleo e Combustível do Motor),AE3660001(X) - (Óleo e Combustível),,,EATON
1601,EATON CORPORATION,2893,Mangueira - (Sistema Hidráulico),AE3660001(X) - (Hidráulica),,,EATON
1602,EATON CORPORATION,2894,Mangueira - (Sistema de Óleo e Combustível do Motor),AE3660000(X) - (Óleo e Combustível),,,EATON
1603,EATON CORPORATION,2895,Mangueira - (Sistema Hidráulico),AE3660000(X) - (Hidráulica),,,EATON
1604,EATON CORPORATION,2896,Mangueira - (Sistema de Óleo e Combustível do Motor),M666301-(x)-(Óleo e Combustível),,,EATON
1605,EATON CORPORATION,2897,Mangueira - (Sistema Hidráulico),M666301-(x) (Hidráulica),,,EATON
1606,EATON CORPORATION,2898,Mangueira - (Sistema de Óleo e Combustível do Motor),AE1010029(X) - (Óleo e Combustível),,,EATON
1607,EATON CORPORATION,2899,Mangueira - (Sistema Hidráulico),AE1010029(X) - (Hidráulica),,,EATON
1608,EATON CORPORATION,2900,Mangueira - (Sistema de Óleo e Combustível do Motor),AE3663895(X) - (Óleo e Combustível),,,EATON
1609,EATON CORPORATION,2901,Mangueira - (Sistema Hidráulico),AE3663895(X) - (Hidráulica),,,EATON
1610,EATON CORPORATION,2902,Mangueira - (Sistema de Óleo e Combustível do Motor),AE704184-(X) - (Óleo e Combustível),,,EATON
1611,EATON CORPORATION,2903,Mangueira - (Sistema de Óleo e Combustível do Motor),AE2460000(X) - (Óleo e Combustível),,,EATON
1612,EATON CORPORATION,2904,Mangueira - (Sistema Hidráulico),AE2460000(X) - (Hidráulica),,,EATON
1613,EATON CORPORATION,2905,Mangueira - (Sistema de Óleo e Combustível do Motor),AE2460500(X) - (Óleo e Combustível),,,EATON
1614,EATON CORPORATION,2906,Mangueira - (Sistema Hidráulico),AE2460500(X) - (Hidráulica),,,EATON
1615,EATON CORPORATION,2907,Mangueira - (Sistema de Óleo e Combustível do Motor),AE2463542(X) - (Óleo e Combustível),,,EATON
1616,EATON CORPORATION,2908,Mangueira - (Sistema Hidráulico),AE2463542(X) - (Hidráulica),,,EATON
1617,EATON CORPORATION,2909,Mangueira - (Sistema Hidráulico),AE2460501(X) - (Hidráulica),,,EATON
1618,EATON CORPORATION,2910,Mangueira - (Sistema de Óleo e Combustível do Motor),AE2464166(X) - (Óleo e Combustível),,,EATON
1619,EATON CORPORATION,2911,Mangueira - (Sistema Hidráulico),AE2464166(X) - (Hidráulica),,,EATON
1620,EATON CORPORATION,2912,Mangueira - (Sistema de Óleo e Combustível do Motor),AE2463536(X) - (Óleo e Combustível),,,EATON
1621,EATON CORPORATION,2913,Mangueira - (Sistema Hidráulico),AE2463536(X) - (Hidráulica),,,EATON
1622,EATON CORPORATION,2914,Mangueira - (Sistema de Óleo e Combustível do Motor),AE713579-(X) - (Óleo e Combustível),,,EATON
1623,EATON CORPORATION,2915,Mangueira - (Sistema Hidráulico),AE713579-(X) - (Hidráulica),,,EATON
1624,EMBRAER AERO SEATING TECHNOLOGIES,4815,Single LH FWD Facing Seat,71203-11-(XXX)-(YYYYYYYYYY),,,EAST
1625,EMBRAER AERO SEATING TECHNOLOGIES,4816,Single RH FWD Facing Seat,71203-12-(XXX)-(YYYYYYYYYY),,,EAST
1626,EMBRAER AERO SEATING TECHNOLOGIES,4817,Single LH AFT Facing Seat,71204-11-(XXX)-(YYYYYYYYYY),,,EAST
1627,EMBRAER AERO SEATING TECHNOLOGIES,4818,Single RH AFT Facing Seat,71204-12-(XXX)-(YYYYYYYYYY),,,EAST
1628,EMBRAER AERO SEATING TECHNOLOGIES,4858,First Class Single Passenger Seat,101001-11-(XXX)-(YYY),,,EAST
1629,EMBRAER AERO SEATING TECHNOLOGIES,4859,First Class Double Passenger Seat,102001-11-(XXX)-(YYY),,,EAST
1630,EMBRAER AERO SEATING TECHNOLOGIES,4860,Upholstered Bottom Cushion Assembly,102189-401-(YYY)/102189-402-(YYY),,,EAST
1631,ERDA INC,2139,Passenger Seat,303171,,,ERDA
1632,ESSEX PB&R CORPORATION - IL,2625,Crewmember Protective Breathing Equipment,-,,,ESSEX PB&R-IL
1633,ESSEX PB&R CORPORATION - IL,2643,Crewmember Protective Breathing Equipment,-,,,ESSEX PB&R-IL
1634,ESSEX PB&R CORPORATION - IL,2644,Crewmember Protective Breathing Equipment Stowage Bracket,D-P-2120,,,ESSEX PB&R-IL
1635,ESSEX PB&R CORPORATION - MO,3616,Crewmember Protective Breathing Equipment (PBE),DP3113(  ),,,ESSEX PB&R-MO
1636,FENWAL SAFETY SYSTEMS,1726,Continuous Fire Detection Elements,04-90ZZZ-YYYX Series,,,FENWAL
1637,GARMIN INTERNATIONAL INC.,1727,IFR GNS 530 Shipping Level,010-00182-( ),,,GARMIN
1638,GARMIN INTERNATIONAL INC.,1728,IFR GNS 530 Unit Level,011-00550-( ),,,GARMIN
1639,GARMIN INTERNATIONAL INC.,1729,IFR GPS 500 Shipping Level,010-00176-( ),,,GARMIN
1640,GARMIN INTERNATIONAL INC.,1730,IFR GPS 500 Unit Level,011-00562-( ),,,GARMIN
1641,GARMIN INTERNATIONAL INC.,1731,IFR GNS 430 Shipping Level,010-00139-( ),,,GARMIN
1642,GARMIN INTERNATIONAL INC.,1732,IFR GNS 430 Unit Level,011-00280-( ),,,GARMIN
1643,GARMIN INTERNATIONAL INC.,1733,IFR GNC 420 Shipping Level,010-00173-( ),,,GARMIN
1644,GARMIN INTERNATIONAL INC.,1734,IFR GNC 420 Unit Level,011-00506-( ),,,GARMIN
1645,GARMIN INTERNATIONAL INC.,1735,IFR GPS 400 Shipping Level,010-00171-( ),,,GARMIN
1646,GARMIN INTERNATIONAL INC.,1736,IFR GPS 400 Unit Level,011-00504-( ),,,GARMIN
1647,GARMIN INTERNATIONAL INC.,1737,VFR GNC 250XL Shipping Level,010-00121-( ),,,GARMIN
1648,GARMIN INTERNATIONAL INC.,1738,VFR GNC 250XL Unit Level,011-00295-( ),,,GARMIN
1649,GARMIN INTERNATIONAL INC.,1739,Audio Panel GMA 340 Shipping Level,010-00152-( ),,,GARMIN
1650,GARMIN INTERNATIONAL INC.,1740,Audio Panel GMA 340 Unit Level,011-00401-( ),,,GARMIN
1651,GARMIN INTERNATIONAL INC.,1741,GTX 327 Shipping Level,010-00188-( ),,,GARMIN
1652,GARMIN INTERNATIONAL INC.,1742,GTX 327 Unit Level,011-00490-( ),,,GARMIN
1653,GARMIN INTERNATIONAL INC.,1743,GTX 327A Shipping Level,010-00247-( ),,,GARMIN
1654,GARMIN INTERNATIONAL INC.,1744,GTX 327A Unit Level,011-00728-( ),,,GARMIN
1655,GARMIN INTERNATIONAL INC.,1745,GAD 42  Shipping Level,010-00154-( ),,,GARMIN
1656,GARMIN INTERNATIONAL INC.,1746,GAD 42 Unit Level,011-00417-( ),,,GARMIN
1657,GARMIN INTERNATIONAL INC.,3842,Garmin Flight Management System (FMS) Controller,010-00359-( ) Shipping Level,,,GARMIN
1658,GARMIN INTERNATIONAL INC.,3843,Garmin Flight Management System (FMS) Controller,011-01054-( ) Unit Level,,,GARMIN
1659,GARMIN INTERNATIONAL INC.,3844,Garmin Flight Management System (FMS) Controller,010-00551-0( ) Shipping Level,,,GARMIN
1660,GARMIN INTERNATIONAL INC.,3846,Garmin Flight Management System (FMS) Controller,011-01428-0( ) Unit Level,,,GARMIN
1661,GARMIN INTERNATIONAL INC.,3848,Garmin Air Data Computer,010-00390-( ) Shipping Level,,,GARMIN
1662,GARMIN INTERNATIONAL INC.,3849,Garmin Air Data Computer,011-01110-( ) Unit Level,,,GARMIN
1663,GARMIN INTERNATIONAL INC.,3852,Garmin Engine Airframe Unit,010-00283-( ) Shipping Level,,,GARMIN
1664,GARMIN INTERNATIONAL INC.,3853,Garmin Engine Airframe Unit,011-00831-00 Unit Level,,,GARMIN
1665,GARMIN INTERNATIONAL INC.,3854,Garmin Integrated Avionics,010-00386-( ) Shipping Level ,,,GARMIN
1666,GARMIN INTERNATIONAL INC.,3855,Garmin Integrated Avionics,011-01105-( ) Unit Level,,,GARMIN
1667,GARMIN INTERNATIONAL INC.,3856,Garmin Audio Panel,010-00465-( ) Shipping Level,,,GARMIN
1668,GARMIN INTERNATIONAL INC.,3857,Garmin Audio Panel,011-01257-( ) Unit Level,,,GARMIN
1669,GARMIN INTERNATIONAL INC.,3858,Garmin Automatic Flight Control System (AFCS) Mode Controller,010-00554-( ) Shipping Level,,,GARMIN
1670,GARMIN INTERNATIONAL INC.,3859,Garmin Automatic Flight Control System (AFCS) Mode Controller,011-01430-( ) Unit Level,,,GARMIN
1671,GARMIN INTERNATIONAL INC.,3861,Garmin Magnetometer,010-00296-( ) Shipping Level,,,GARMIN
1672,GARMIN INTERNATIONAL INC.,3862,Garmin Magnetometer,011-00870-( ) Unit Level,,,GARMIN
1673,GARMIN INTERNATIONAL INC.,3863,AHRS (Attitude and Heading Reference System),010-00295-( ) Shipping Level,,,GARMIN
1674,GARMIN INTERNATIONAL INC.,3864,AHRS (Attitude and Heading Reference System),011-00868-( ) Unit Level,,,GARMIN
1675,GARMIN INTERNATIONAL INC.,3865,Garmin Servo Actuator,010-00303-( ) Shipping Level,,,GARMIN
1676,GARMIN INTERNATIONAL INC.,3866,Garmin Servo Actuator,011-00878-( ) Unit Level,,,GARMIN
1677,GARMIN INTERNATIONAL INC.,3867,Garmin Data Concentrator Unit,010-00565-0( ) Shipping Level,,,GARMIN
1678,GARMIN INTERNATIONAL INC.,3868,Garmin Data Concentrator Unit,011-01457-0( ) Unit Level,,,GARMIN
1679,GARMIN INTERNATIONAL INC.,3869,Garmin Servo Gearbox,010-00556-( ) Shipping Level,,,GARMIN
1680,GARMIN INTERNATIONAL INC.,3870,Garmin Servo Gearbox,011-01436-( ) Unit Level,,,GARMIN
1681,GARMIN INTERNATIONAL INC.,3871,Garmin Mode S Transponder,010-00267-( ) Shipping Level,,,GARMIN
1682,GARMIN INTERNATIONAL INC.,3872,Garmin Mode S Transponder,011-00779-00 Unit Level,,,GARMIN
1683,GARMIN INTERNATIONAL INC.,3873,Garmin Mode S Transponder Dual,010-00294-( ) Shipping Level,,,GARMIN
1684,GARMIN INTERNATIONAL INC.,3874,Garmin Mode S Transponder Dual,011-00779-01 Unit Level,,,GARMIN
1685,GARMIN INTERNATIONAL INC.,3875,Garmin Weather Radar,010-00299-( ) Shipping Level,,,GARMIN
1686,GARMIN INTERNATIONAL INC.,3876,Garmin Weather Radar,011-00883-( ) Unit Level,,,GARMIN
1687,GARMIN INTERNATIONAL INC.,3918,Garmin Display Control Unit,010-00559-00 through -5( ) Shipping Level,,,GARMIN
1688,GARMIN INTERNATIONAL INC.,3919,Garmin Display Control Unit,011-01440-00 trough -5( ) Unit Level,,,GARMIN
1689,GARMIN INTERNATIONAL INC.,3994,Garmin Autopilot Servo Actuator,"010-00302-(  ), Shipping Level ",,,GARMIN
1690,GARMIN INTERNATIONAL INC.,3995,Garmin Autopilot Servo Actuator,"011-00877-(  ), Unit Level",,,GARMIN
1691,GARMIN INTERNATIONAL INC.,3996,Garmin Autopilot Trim Adapter,"010-00334-(  ), Shipping Level ",,,GARMIN
1692,GARMIN INTERNATIONAL INC.,3997,Garmin Autopilot Trim Adapter,"011-00960-(  ), Unit Level",,,GARMIN
1693,GARMIN INTERNATIONAL INC.,3998,Garmin Autopilot Servo Mount,"010-00304-(  ), Shipping Level",,,GARMIN
1694,GARMIN INTERNATIONAL INC.,3999,Garmin Autopilot Servo Mount,"011-00894-(  ), Unit Level",,,GARMIN
1695,GARMIN INTERNATIONAL INC.,4043,Garmin Primary Fligh Display/Multi-Function Display - Shipping Level,010-00482-0( ),,,GARMIN
1696,GARMIN INTERNATIONAL INC.,4044,Garmin Primary Fligh Display/Multi-Function Display - Shipping Level,010-00482-1( ),,,GARMIN
1697,GARMIN INTERNATIONAL INC.,4045,Garmin Primary Fligh Display/Multi-Function Display - Unit Level,011-01264-0( ),,,GARMIN
1698,GARMIN INTERNATIONAL INC.,4046,Garmin Primary Fligh Display/Multi-Function Display - Unit Level,011-01264-1( ),,,GARMIN
1699,GARMIN INTERNATIONAL INC.,4166,Aircraft Audio and Iridium Data Link System,010-00641-0( ) Shipping Level,,,GARMIN
1700,GARMIN INTERNATIONAL INC.,4167,Aircraft Audio and Iridium Data Link System,011-01706-0( ) Unit Level,,,GARMIN
1701,GARMIN INTERNATIONAL INC.,4168,Aircraft Audio and Iridium Data Link System,010-00641-99 Superset,,,GARMIN
1702,GARMIN INTERNATIONAL INC.,4169,Aircraft Audio and Data Link System,010-00666-0( ) Shipping Level,,,GARMIN
1703,GARMIN INTERNATIONAL INC.,4170,Aircraft Audio and Data Link System,011-01746-0( ) Unit Level,,,GARMIN
1704,KANNAD,3851,Emergency Locator Transmitter,S1820502-04,,,KANNAD
1705,GARMIN INTERNATIONAL INC.,4171,Aircraft Audio and Data Link System,010-00666-99 Superset,,,GARMIN
1706,GARMIN INTERNATIONAL INC.,4172,Autopilot Servo Gear Box,010-00714-(  ) Shipping Level,,,GARMIN
1707,GARMIN INTERNATIONAL INC.,4173,Autopilot Servo Gear Box,011-01904-(  ) Unit Level,,,GARMIN
1708,GARMIN INTERNATIONAL INC.,4199,Garmin Primary Fligh Display/Multi-Function Display - Shipping Level,010-00482-5( ),,,GARMIN
1709,GARMIN INTERNATIONAL INC.,4200,Garmin Primary Fligh Display/Multi-Function Display - Unit Level ,011-01264-5 ( ),,,GARMIN
1710,GARMIN INTERNATIONAL INC.,4201,Garmin Primary Fligh Display/Multi-Function Display - Software,"006-B1071-1 ( ), with 011-01264-5 ( ) ",,,GARMIN
1711,GARMIN INTERNATIONAL INC.,4202,Garmin Primary Fligh Display/Multi-Function Display - Shipping Level,010-00482-0 ( ),,,GARMIN
1712,GARMIN INTERNATIONAL INC.,4203,Garmin Primary Fligh Display/Multi-Function Display - Shipping Level,010-00482-1 ( ),,,GARMIN
1713,GARMIN INTERNATIONAL INC.,4204,Garmin Primary Fligh Display/Multi-Function Display - Unit Level ,011-01264-0 ( ),,,GARMIN
1714,GARMIN INTERNATIONAL INC.,4205,Garmin Primary Fligh Display/Multi-Function Display - Unit Level ,011-01264-1 ( ),,,GARMIN
1715,GARMIN INTERNATIONAL INC.,4206,Garmin Primary Fligh Display/Multi-Function Display - Superset,010-00482-99,,,GARMIN
1716,GARMIN INTERNATIONAL INC.,4207,Garmin Primary Fligh Display/Multi-Function Display - Software,"006-B0498-1( ), with 011-01264-0( )/011-01264-1( )",,,GARMIN
1717,GARMIN INTERNATIONAL INC.,4216,Directional Array Antenna - Shipping Level,010-10720-0 ( ),,,GARMIN
1718,GARMIN INTERNATIONAL INC.,4217,Directional Array Antenna - Unit Level,011-01346-0 ( ),,,GARMIN
1719,GARMIN INTERNATIONAL INC.,4218,Directional Array Antenna - Superset,010-10720-99,,,GARMIN
1720,GARMIN INTERNATIONAL INC.,4308,Aircraft Audio Iridium Data Link System,"010-00815-0(), Shipping Level",,,GARMIN
1721,GARMIN INTERNATIONAL INC.,4309,Aircraft Audio Iridium Data Link System,"011-02268-0(), Unit Level",,,GARMIN
1722,GARMIN INTERNATIONAL INC.,4310,Aircraft Audio Iridium Data Link System,"010-00815-99, Superset",,,GARMIN
1723,GARMIN INTERNATIONAL INC.,4315,GDU 620 (G600) - Garmin PFD/MFD - Shipping Level,010-00482-0() through -3(),,,GARMIN
1724,GARMIN INTERNATIONAL INC.,4317,GDU 620 (G600) - Garmin PFD/MFD - Unit Level,011-01264-0() through -3(),,,GARMIN
1725,GARMIN INTERNATIONAL INC.,4318,GDU 620 (G600) - Garmin PFD/MFD - Superset,010-00482-99,,,GARMIN
1726,GARMIN INTERNATIONAL INC.,4319,GDU 620 (G600) - Garmin PFD/MFD - Software,006-B0498-2(),,,GARMIN
1727,GARMIN INTERNATIONAL INC.,4320,GDU 620 (G500) - Garmin PFD/MFD - Shipping Level,010-00482-5() through -6(),,,GARMIN
1728,GARMIN INTERNATIONAL INC.,4321,GDU 620 (G500) - Garmin PFD/MFD - Unit Level,011-01264-5() through -6(),,,GARMIN
1729,GARMIN INTERNATIONAL INC.,4322,GDU 620 (G500) - Gaimin PFD/MFD - Software,006-B1071-2(),,,GARMIN
1730,GARMIN INTERNATIONAL INC.,4485,GDU 1240A - GARMIN DISPLAY CONTROL UNIT - SHIPPING LEVEL,010-00559-0000 THROUGH 010-0-0559-5( ) SHIPPING,,,GARMIN
1731,GARMIN INTERNATIONAL INC.,4486,GDU 1240A - GARMIN DISPLAY CONTROL UNIT - UNIT LEVEL,011-01440-00 THROUGH 011-0144-5( ) UNIT LEVEL,,,GARMIN
1732,GARMIN INTERNATIONAL INC.,4487,GDU 1240A - GARMIN DISPLAY CONTROL UNIT - SUPERSET,010-00559-99 SUPERSET,,,GARMIN
1733,GARMIN INTERNATIONAL INC.,4488,GDU 1240A - GARMIN DISPLAY CONTROL UNIT - SOFTWARE,006-B0319-65 THROUGH -A( ) SOFTWARE,,,GARMIN
1734,GARMIN INTERNATIONAL INC.,4495,GIA 63W - Shipping Level,010-00386-2( ),,,GARMIN
1735,GARMIN INTERNATIONAL INC.,4496,GIA 63W - Unit Level,011-01105-2( ),,,GARMIN
1736,GARMIN INTERNATIONAL INC.,4497,GIA 63W - Software,006-B0544-3( ) except 006-B0544-30 thru -34,,,GARMIN
1737,GARMIN INTERNATIONAL INC.,4498,GIA 63H - Software,006-B0544-3( ) except 006-B0544-30 thru -34,,,GARMIN
1738,GARMIN INTERNATIONAL INC.,4499,GIA 63H - Shipping Level,010-00386-3( ),,,GARMIN
1739,GARMIN INTERNATIONAL INC.,4500,GIA 63H - Unit Level,011-01105-3( ),,,GARMIN
1740,GARMIN INTERNATIONAL INC.,4505,GTS Processor - Shipping Level,010-00962-0( ) through 010-00962-2( ),,,GARMIN
1741,GARMIN INTERNATIONAL INC.,4506,GTS Processor - Unit Level,011-02571-0( ) through 011-02571-2( ),,,GARMIN
1742,GARMIN INTERNATIONAL INC.,4507,GTS Processor - Superset,010-00962-99,,,GARMIN
1743,GARMIN INTERNATIONAL INC.,4508,GTS Processor - Software,006-B1244-0( ) through 006-B1244-4( ) expt -00 -02,,,GARMIN
1744,GARMIN INTERNATIONAL INC.,4509,GARMIN DISPLAY CONTROL UNIT - GDU 1400W - SHIPPING LEVEL,010-00716-0( ) THROUGH -5( ),,,GARMIN
1745,GARMIN INTERNATIONAL INC.,4510,GARMIN DISPLAY CONTROL UNIT - GDU 1400W - UNIT LEVEL,011-01910-0( ) through -5( ),,,GARMIN
1746,GARMIN INTERNATIONAL INC.,4511,GARMIN DISPLAY CONTROL UNIT - GDU 1400W - SOFTWARE,006-B1177-0( ),,,GARMIN
1747,GARMIN INTERNATIONAL INC.,4512,GARMIN DISPLAY CONTROL UNIT - GDU 1400W - SUPERSET,010-00716-99,,,GARMIN
1748,GARMIN INTERNATIONAL INC.,4513,TCAS MODE S TRANSPONDER - GTX 3000 - SHIPPING LEVEL,010-00736-0( ),,,GARMIN
1749,GARMIN INTERNATIONAL INC.,4514,TCAS MODE S TRANSPONDER - GTX 3000 - UNIT LEVEL,011-01997-0( ),,,GARMIN
1750,GARMIN INTERNATIONAL INC.,4515,TCAS MODE S TRANSPONDER - GTX 3000 - SOFTWARE,006-B0912-0( ),,,GARMIN
1751,GARMIN INTERNATIONAL INC.,4516,TCAS MODE S TRANSPONDER - GTX 3000 - SUPERSET,010-00736-99,,,GARMIN
1752,GARMIN INTERNATIONAL INC.,4517,DATA RADIO UNIT- GDR 66 - SHIPPING LEVEL,010-00832-0( ),,,GARMIN
1753,GARMIN INTERNATIONAL INC.,4518,DATA RADIO UNIT- GDR 66 - UNIT LEVEL,011-02303-0( ),,,GARMIN
1754,GARMIN INTERNATIONAL INC.,4519,DATA RADIO UNIT- GDR 66 - SOFTWARE,006-B1055-0( ) 006-B1056-0( ),,,GARMIN
1755,GARMIN INTERNATIONAL INC.,4520,DATA RADIO UNIT- GDR 66 - SUPERSET,010-00832-99,,,GARMIN
1756,GARMIN INTERNATIONAL INC.,4521,WEATHER RADAR - GWX 70 - SHIPPING LEVEL,010-00676-0( ) THRU 010-00676-2( ),,,GARMIN
1757,GARMIN INTERNATIONAL INC.,4522,WEATHER RADAR - GWX 70 - UNIT LEVEL,011-01768-0( ) THRU 011-01768-2( ),,,GARMIN
1758,GARMIN INTERNATIONAL INC.,4523,WEATHER RADAR - GWX 70 - SOFTWARE,"006-B0756-0( ) THRU 006-B0756-1( ) EXPT-0(0,6,8,9)",,,GARMIN
1759,GARMIN INTERNATIONAL INC.,4524,WEATHER RADAR - GWX 70 - SUPERSET,010-00676-99,,,GARMIN
1760,GARMIN INTERNATIONAL INC.,4539,GIA 63W - INTEGRATED AVIONICS UNIT - SHIPPING LEVEL,010-00386-4( ),,,GARMIN
1761,GARMIN INTERNATIONAL INC.,4540,GIA 63W - INTEGRATED AVIONICS UNIT - UNIT LEVEL,011-01105-4( ),,,GARMIN
1762,GARMIN INTERNATIONAL INC.,4541,GIA 63W - INTEGRATED AVIONICS UNIT - SUPERSET,010-00386-19,,,GARMIN
1763,GARMIN INTERNATIONAL INC.,4544,N/A (excluir),N/A (excluir),,,GARMIN
1764,GARMIN INTERNATIONAL INC.,4550,GAD 43 - GYRO ADAPTER - SHIPPING LEVEL,010-00724-0( ),,,GARMIN
1765,GARMIN INTERNATIONAL INC.,4551,GAD 43 - GYRO ADAPTER - UNIT LEVEL,011-01970-0( ),,,GARMIN
1766,GARMIN INTERNATIONAL INC.,4552,GAD 43 - GYRO ADAPTER - SUPERSET,010-00724-99,,,GARMIN
1767,GARMIN INTERNATIONAL INC.,4553,GAD 43e- GYRO ADAPTER - SHIPPING LEVEL,010-00852-0( ),,,GARMIN
1768,GARMIN INTERNATIONAL INC.,4554,GAD 43e - GYRO ADAPTER - UNIT LEVEL,011-02349-0( ),,,GARMIN
1769,GARMIN INTERNATIONAL INC.,4555,GAD 43e - GYRO ADAPTER - SUPERSET,010-00852-99,,,GARMIN
1770,GARMIN INTERNATIONAL INC.,4556,GAD 43 / 43e - GYRO ADAPTER - SOFTWARE,006-B0876-0( ),,,GARMIN
1771,GARMIN INTERNATIONAL INC.,4557,GMN-00683 - (GMA 36) MARKER AUDIO - SHIPPING LEVEL,010-00683-0( ),,,GARMIN
1772,GARMIN INTERNATIONAL INC.,4558,GMN-00683 - (GMA 36) MARKER AUDIO - UNIT LEVEL,011-01793-0( ),,,GARMIN
1773,GARMIN INTERNATIONAL INC.,4559,GMN-00683 - (GMA 36) MARKER AUDIO - SUPERSET,010-00683-99,,,GARMIN
1774,GARMIN INTERNATIONAL INC.,4560,GMN-00683 - (GMA 36) MARKER AUDIO - SOFTWARE,006-B0773-0( ),,,GARMIN
1775,GARMIN INTERNATIONAL INC.,4561,GTC 570 - TOUCH SCREEN CONTROLLER - SHIPPING LEVEL,010-00721-1( ) THROUGH -5( ),,,GARMIN
1776,GARMIN INTERNATIONAL INC.,4562,GTC 570 - TOUCH SCREEN CONTROLLER - UNIT LEVEL,011-01924-1( ) THROUGH -5( ),,,GARMIN
1777,GARMIN INTERNATIONAL INC.,4563,GTC 570 - TOUCH SCREEN CONTROLLER - SUPERSET,010-00721-99,,,GARMIN
1778,GARMIN INTERNATIONAL INC.,4564,GTC 570 - TOUCH SCREEN CONTROLLER - SOFTWARE,006-B1070-0( ) V2.XX AND 006-B1070-1( ) V3.XX,,,GARMIN
1779,GARMIN INTERNATIONAL INC.,4596,GMA 35 - Marker Audio - Shipping Level,010-00831-0( ),,,GARMIN
1780,GARMIN INTERNATIONAL INC.,4597,GMA 35 - Marker Audio - Unit,011-02299-0( ),,,GARMIN
1781,GARMIN INTERNATIONAL INC.,4598,GMA 35 - Marker Audio - Superset,010-00831-99,,,GARMIN
1782,GARMIN INTERNATIONAL INC.,4599,GMA 35 - Marker Audio - Software,006-B0773-0( ),,,GARMIN
1783,GARMIN INTERNATIONAL INC.,4600,GMA 350 - Marker Audio - Shipping Level,010-00871-0( ),,,GARMIN
1784,GARMIN INTERNATIONAL INC.,4601,GMA 350 - Marker Audio - Unit Level,011-02385-0( ),,,GARMIN
1785,GARMIN INTERNATIONAL INC.,4602,GMA 350H - Marker Audio - Shipping Level,010-00871-1( ),,,GARMIN
1786,GARMIN INTERNATIONAL INC.,4603,GMA 350H - Marker Audio - Unit Level,011-02385-1( ),,,GARMIN
1787,GARMIN INTERNATIONAL INC.,4604,GMA 350/350H - Marker Audio - Superset,010-00831-99,,,GARMIN
1788,GARMIN INTERNATIONAL INC.,4605,GMA 350/350H - Marker Audio - Software,006-B0773-0( ),,,GARMIN
1789,GARMIN INTERNATIONAL INC.,4606,GTN 650 - GPS/SBAS/NAV/COM - Shipping Level,"010-00813-0( ), 010-00813-5( ), 010-00813-A( )",,,GARMIN
1790,GARMIN INTERNATIONAL INC.,4607,GTN 650 - GPS/SBAS/NAV/COM - Shipping Level,"010-00889-0( ), 010-00889-5( ), 010-01059-0( )",,,GARMIN
1791,GARMIN INTERNATIONAL INC.,4608,GTN 650 - GPS/SBAS/NAV/COM - Shipping Level,010-010-01059-A( ),,,GARMIN
1792,GARMIN INTERNATIONAL INC.,4609,GTN 650 - GPS/SBAS/NAV/COM - Unit Level,"011-02256-0( ), 011-02256-5( ), 011-02256-A( )",,,GARMIN
1793,GARMIN INTERNATIONAL INC.,4610,GTN 650 - GPS/SBAS/NAV/COM - Superset,010-00813-99,,,GARMIN
1794,GARMIN INTERNATIONAL INC.,4611,GTN 650 - GPS/SBAS/NAV/COM - Software,006-B1026-2( ) (v 4.0),,,GARMIN
1795,GARMIN INTERNATIONAL INC.,4612,GTN 635 - GPS/SBAS/NAV/COM - Shipping Level,"010-00812-0( ), 010-00812-5( ), 010-00812-A( )",,,GARMIN
1796,GARMIN INTERNATIONAL INC.,4613,GTN 635 - GPS/SBAS/NAV/COM - Unit Level,011-02255-0( ),,,GARMIN
1797,GARMIN INTERNATIONAL INC.,4614,GTN 635 - GPS/SBAS/NAV/COM - Superset,010-00812-99,,,GARMIN
1798,GARMIN INTERNATIONAL INC.,4615,GTN 635 - GPS/SBAS/NAV/COM - Software,006-B1026-2( ) (v 4.00),,,GARMIN
1799,GARMIN INTERNATIONAL INC.,4616,GTN 625 - GPS/SBAS- Shipping Level,"010-00811-0( ), 010-00811-5( )",,,GARMIN
1800,GARMIN INTERNATIONAL INC.,4617,GTN 625 - GPS/SBAS- Unit Level,011-02254-0( ),,,GARMIN
1801,GARMIN INTERNATIONAL INC.,4618,GTN 625 - GPS/SBAS- Superset,010-00811-99,,,GARMIN
1802,GARMIN INTERNATIONAL INC.,4619,GTN 625 - GPS/SBAS- Software,006-B1026-2( ) (v 4.00),,,GARMIN
1803,GARMIN INTERNATIONAL INC.,4620,GTN 750 - GPS/SBAS/NAV/COM - Shipping Level,"010-00820-0( ), 010-00820-5( ), 010-00820-A( )",,,GARMIN
1804,GARMIN INTERNATIONAL INC.,4621,GTN 750 - GPS/SBAS/NAV/COM - Shipping Level,"010-00890-0( ), 010-00890-5( ), 010-01060-0( )",,,GARMIN
1805,GARMIN INTERNATIONAL INC.,4622,GTN 750 - GPS/SBAS/NAV/COM - Shipping Level,010-01060-A( ),,,GARMIN
1806,GARMIN INTERNATIONAL INC.,4623,GTN 750 - GPS/SBAS/NAV/COM - Unit Level,"011-02282-0( ), 011-02282-5( ), 011-02282-A( )",,,GARMIN
1807,GARMIN INTERNATIONAL INC.,4624,GTN 750 - GPS/SBAS/NAV/COM - Superset,010-00820-99,,,GARMIN
1808,GARMIN INTERNATIONAL INC.,4625,GTN 750 - GPS/SBAS/NAV/COM - Software,006-B1026-2( ) (v 4.00),,,GARMIN
1809,GARMIN INTERNATIONAL INC.,4626,GTN 725 - GPS/SBAS - Shipping Level,"010-00819-0( ), 010-00819-5( )",,,GARMIN
1810,GARMIN INTERNATIONAL INC.,4627,GTN 725 - GPS/SBAS - Unit Level,011-02281-0( ),,,GARMIN
1811,GARMIN INTERNATIONAL INC.,4628,GTN 725 - GPS/SBAS - Superset,010-00819-99,,,GARMIN
1812,GARMIN INTERNATIONAL INC.,4629,GTN 725 - GPS/SBAS - Software,006-B1026-2( ) (v 4.00),,,GARMIN
1813,GARMIN INTERNATIONAL INC.,4630,GTX 33 - Shipping Level,010-00267-0( ) to -3( ),,,GARMIN
1814,GARMIN INTERNATIONAL INC.,4631,GTX 33H - Shipping Level,010-00267-4( ) to -8( ),,,GARMIN
1815,GARMIN INTERNATIONAL INC.,4632,GTX 33D - Shipping Level,010-00294-0( ) to -3( ),,,GARMIN
1816,GARMIN INTERNATIONAL INC.,4633,GTX 33DH - Shipping Level,010-00294-4( ) to -8( ),,,GARMIN
1817,GARMIN INTERNATIONAL INC.,4634,GTX 33/33H/33D/33DH - Unit Level,011-00779-0( ),,,GARMIN
1818,GARMIN INTERNATIONAL INC.,4635,GTX 33 - Superset,010-00267-99,,,GARMIN
1819,GARMIN INTERNATIONAL INC.,4636,GTX 33D - Superset,010-00294-99,,,GARMIN
1820,GARMIN INTERNATIONAL INC.,4637,GTX 33 - Software,006-B0172-01 (version 7.xx except 7.00),,,GARMIN
1821,GARMIN INTERNATIONAL INC.,4638,GTX 330 - Shipping Level,010-00230-( ),,,GARMIN
1822,GARMIN INTERNATIONAL INC.,4639,GTX 330D - Shipping Level,010-00293-( ),,,GARMIN
1823,GARMIN INTERNATIONAL INC.,4640,GTX 330/330D - Unit Level,011-00455-( ),,,GARMIN
1824,GARMIN INTERNATIONAL INC.,4641,GTX 330/330D - Software,006-B0172-01 (version 7.xx except 7.00),,,GARMIN
1825,GARMIN INTERNATIONAL INC.,4642,GRA 5500 - Radar Altimeter - Shipping Level,010-00946-0( ) through 010-00946-2( ),,,GARMIN
1826,GLOBAL WULFSBERG SYSTEMS,2414,VLF Antenna Coupler/Preamp,30605-2,,,GLOBAL WULFSBERG
1827,GARMIN INTERNATIONAL INC.,4643,GRA 5500 - Radar Altimeter - Unit Level,011-02537-0( ) through 011-02537-2( ),,,GARMIN
1828,GARMIN INTERNATIONAL INC.,4644,GRA 5500 - Radar Altimeter - Software,006-B1447-0( ) except 006-B1447-00 through -03,,,GARMIN
1829,GARMIN INTERNATIONAL INC.,4645,GRA 5500 - Radar Altimeter - Superset,010-00946-99,,,GARMIN
1830,GARMIN INTERNATIONAL INC.,4682, GDU 1240A - GARMIN DISPLAY CONTROL UNIT - SOFTWARE,006-B0319-C( ),,,GARMIN
1831,GARMIN INTERNATIONAL INC.,4683,GDU 1240A - GARMIN DISPLAY CONTROL UNIT - SHIPPING LEVEL,010-00559-0000 THROUGH 010-0-0559-5( ),,,GARMIN
1832,GARMIN INTERNATIONAL INC.,4684,GDU 1240A - GARMIN DISPLAY CONTROL UNIT - SUPERSET,010-00559-99,,,GARMIN
1833,GARMIN INTERNATIONAL INC.,4685,GDU 1240A - GARMIN DISPLAY CONTROL UNIT - UNIT LEVEL,011-01440-00 THROUGH 011-01440-5( ),,,GARMIN
1834,GARMIN INTERNATIONAL INC.,4722,GDU 1240A - GARMIN DISPLAY CONTROL UNIT - SHIPPING LEVEL,010-00559-0000 THROUGH 010-00559-5( ),,,GARMIN
1835,GARMIN INTERNATIONAL INC.,4723,GDU 1240A - GARMIN DISPLAY CONTROL UNIT - UNIT LEVEL,011-01440-00 THROUGH 011-01440-5( ),,,GARMIN
1836,GARMIN INTERNATIONAL INC.,4724,GDU 1240A - GARMIN DISPLAY CONTROL UNIT - SUPERSET,010-00559-99,,,GARMIN
1837,GARMIN INTERNATIONAL INC.,4725,GDU 1240A - GARMIN DISPLAY CONTROL UNIT - SOFTWARE,006-B0319-D( ),,,GARMIN
1838,GARMIN INTERNATIONAL INC.,4726,GDU 1400W - GARMIN MFD OR PFD - SOFTWARE,006-B1177-3( ),,,GARMIN
1839,GARMIN INTERNATIONAL INC.,4727,GDU 1400W - GARMIN MFD OR PDF - SUPERSET,010-00716-99,,,GARMIN
1840,GARMIN INTERNATIONAL INC.,4728,GDU 1400W - GARMIN MFD OR PFD - UNIT LEVEL,011-01910-0( ) through -5( ),,,GARMIN
1841,GARMIN INTERNATIONAL INC.,4729,GDU 1400W - GARMIN MFD OR PDF - SHIPPING LEVEL,010-00716-0( ) THROUGH -5( ),,,GARMIN
1842,GARMIN INTERNATIONAL INC.,4730,GMN-00721(GTC 570) - Display with Touch Screen Controller _ Shipping Level,010-00721-1() trough -5(),,,GARMIN
1843,GARMIN INTERNATIONAL INC.,4731,GMN-00721(GTC 570) - Display with Touch Screen Controller _ Unit Level,011-01924-1() trough -5(),,,GARMIN
1844,GARMIN INTERNATIONAL INC.,4732,GMN-00721(GTC 570) - Display with Touch Screen Controller _ Superset,010-00721-99,,,GARMIN
1845,GARMIN INTERNATIONAL INC.,4733,GMN-00721(GTC 570) - Display with Touch Screen Controller _ Software,006-B1070-3() (v5.00),,,GARMIN
1846,GARMIN INTERNATIONAL INC.,4762,GTX 325 (Shipping Level),"010-01083-0( ), 010-01083-99",,,GARMIN
1847,GARMIN INTERNATIONAL INC.,4763,GTX 335 (Shipping Level),"010-01214-0( ), 010-01214-2( ), 010-01214-4( )",,,GARMIN
1848,GARMIN INTERNATIONAL INC.,4764,GTX 335R (Shipping Level),"010-01215-0( ), 010-01215-4( ), 010-01215-99",,,GARMIN
1849,GARMIN INTERNATIONAL INC.,4765,GTX 345 (Shipping Level),"010-012-16-0( ), 010-012-16-4( ), 010-012-16-99",,,GARMIN
1850,GARMIN INTERNATIONAL INC.,4766,GTX 345R (Shipping Level),"010-01217-0( ), 010-01217-4( ), 010-01217-99",,,GARMIN
1851,GARMIN INTERNATIONAL INC.,4767,GTX 325 (Unit Level),011-02974-0( ),,,GARMIN
1852,GARMIN INTERNATIONAL INC.,4768,GTX 335 (Unit Level),"011-03300-0( ), 011-03300-2( ), 011-03300-4( )",,,GARMIN
1853,GARMIN INTERNATIONAL INC.,4769,GTX 335R (Unit Level),"011-03301-0( ), 011-03301-4( )",,,GARMIN
1854,GARMIN INTERNATIONAL INC.,4770,GTX 345 (Unit Level),"011-03302-0( ), 011-03302-4( )",,,GARMIN
1855,GARMIN INTERNATIONAL INC.,4771,GTX 345R (Unit Level),"011-03303-0( ), 011-03303-4( )",,,GARMIN
1856,GARMIN INTERNATIONAL INC.,4772,GTX 3x5 (Software),006-B1607-0( ),,,GARMIN
1857,GARMIN INTERNATIONAL INC.,4862,GMN-01405,010-01405-( ),,,GARMIN
1858,GARMIN INTERNATIONAL INC.,4863,GMN-01405,011-03682-0( ),,,GARMIN
1859,GARMIN INTERNATIONAL INC.,4864,GMN-01405,006-B2139-0( ),,,GARMIN
1860,GARMIN INTERNATIONAL INC.,4865,GMN-01405,006-B2139-B( ),,,GARMIN
1861,GARMIN INTERNATIONAL INC.,4866,GMN-01410,010-01410-40,,,GARMIN
1862,GARMIN INTERNATIONAL INC.,4867,GMN-01410,011-03711-40,,,GARMIN
1863,GARMIN INTERNATIONAL INC.,4868,GMN-01410,010-01410-99,,,GARMIN
1864,GARMIN INTERNATIONAL INC.,4869,GMN-01410,006-B2548-0( ),,,GARMIN
1865,GARMIN INTERNATIONAL INC.,4870,GMN-01308,010-01715-10,,,GARMIN
1866,GARMIN INTERNATIONAL INC.,4871,GMN-01308,011-04187-10,,,GARMIN
1867,GARMIN INTERNATIONAL INC.,4872,GMN-01308,010-01715-99,,,GARMIN
1868,GARMIN INTERNATIONAL INC.,4873,GMN-01308,006-B1177-7( ),,,GARMIN
1869,GARMIN INTERNATIONAL INC.,4874,GMN-00816,010-00816-01,,,GARMIN
1870,GARMIN INTERNATIONAL INC.,4875,GMN-00816,011-02278-01,,,GARMIN
1871,GARMIN INTERNATIONAL INC.,4876,GMN-00816,010-00816-99,,,GARMIN
1872,GARMIN INTERNATIONAL INC.,4877,GMN-00816,006-B1068-0( ),,,GARMIN
1873,GARMIN INTERNATIONAL INC.,4878,GMN-00971,010-01721-00,,,GARMIN
1874,GARMIN INTERNATIONAL INC.,4879,GMN-00971,011-04214-00,,,GARMIN
1875,GARMIN INTERNATIONAL INC.,4880,GMN-00971,010-01721-20,,,GARMIN
1876,GARMIN INTERNATIONAL INC.,4881,GMN-00971,011-04214-20,,,GARMIN
1877,GARMIN INTERNATIONAL INC.,4882,GMN-00971,010-01721-99,,,GARMIN
1878,GARMIN INTERNATIONAL INC.,4883,GMN-01423,010-01423-0( ),,,GARMIN
1879,GARMIN INTERNATIONAL INC.,4884,GMN-01423,011-03732-0( ),,,GARMIN
1880,GARMIN INTERNATIONAL INC.,4885,GMN-01423,010-01423-99,,,GARMIN
1881,GARMIN INTERNATIONAL INC.,4886,GMN-01423,006-B1838-( ),,,GARMIN
1882,GARMIN INTERNATIONAL INC.,4892,GMN-01423,010-01423-2( ),,,GARMIN
1883,GARMIN INTERNATIONAL INC.,4893,GMN-01423,011-03732-2( ),,,GARMIN
1884,GLOBAL WULFSBERG SYSTEMS,2402,Control Display Unit,16670-0101-( ),,,GLOBAL WULFSBERG
1885,GLOBAL WULFSBERG SYSTEMS,2403,Receiver Processor Unit,30050-0606-( ),,,GLOBAL WULFSBERG
1886,GLOBAL WULFSBERG SYSTEMS,2404,Receiver Processor Unit,30050-0909-( ),,,GLOBAL WULFSBERG
1887,GLOBAL WULFSBERG SYSTEMS,2405,RPU Tray Assembly,30053-1,,,GLOBAL WULFSBERG
1888,GLOBAL WULFSBERG SYSTEMS,2406,Loran-C Antenna,121-014379-01,,,GLOBAL WULFSBERG
1889,GLOBAL WULFSBERG SYSTEMS,2407,VLF Antenna,10085-2,,,GLOBAL WULFSBERG
1890,GLOBAL WULFSBERG SYSTEMS,2408,VLF Preamplifier,30600-1,,,GLOBAL WULFSBERG
1891,GLOBAL WULFSBERG SYSTEMS,2409,H-Field Antenna,11455-1,,,GLOBAL WULFSBERG
1892,GLOBAL WULFSBERG SYSTEMS,2410,H-Field Antenna,11455-2,,,GLOBAL WULFSBERG
1893,GLOBAL WULFSBERG SYSTEMS,2411,Loop Antenna Housing,11496-1,,,GLOBAL WULFSBERG
1894,GLOBAL WULFSBERG SYSTEMS,2412,VLF Antenna Coupler,30490-1,,,GLOBAL WULFSBERG
1895,GLOBAL WULFSBERG SYSTEMS,2413,VLF Antenna Coupler/Preamp,30605-1,,,GLOBAL WULFSBERG
1896,GLOBAL WULFSBERG SYSTEMS,2415,GPS Antenna,121-016759-01,,,GLOBAL WULFSBERG
1897,GLOBAL WULFSBERG SYSTEMS,2416,Data Transfer Unit,15655-0101,,,GLOBAL WULFSBERG
1898,GLOBAL WULFSBERG SYSTEMS,2417,Data Transfer Unit,15655-0201,,,GLOBAL WULFSBERG
1899,GLOBAL WULFSBERG SYSTEMS,2418,DTU Tray,43010-1,,,GLOBAL WULFSBERG
1900,GLOBAL WULFSBERG SYSTEMS,2419,DTU Tray,43010-2,,,GLOBAL WULFSBERG
1901,GOODRICH AIRCRAFT WHEELS AND BRAKES,2469,Main Landing Gear Wheel Assembly,3-1490-1,,,GOODRICH - TROY
1902,GOODRICH AIRCRAFT WHEELS AND BRAKES,2470,Main Landing Gear Brake Assembly,2-1529-1,,,GOODRICH - TROY
1903,GOODRICH AIRCRAFT WHEELS AND BRAKES,2471,Nose Landing Gear Wheel Assembly,3-1403,,,GOODRICH - TROY
1904,GOODRICH AIRCRAFT WHEELS AND BRAKES,2472,Main Landing Gear Brake Assembly,2-1466-3,,,GOODRICH - TROY
1905,GOODRICH AIRCRAFT WHEELS AND BRAKES,2473,Main Landing Gear Brake Assembly,2-1466-4,,,GOODRICH - TROY
1906,GOODRICH AIRCRAFT WHEELS AND BRAKES,2474,Main Landing Gear Brake Assembly,2-1517,,,GOODRICH - TROY
1907,GOODRICH AIRCRAFT WHEELS AND BRAKES,2475,Main Landing Gear Wheel  Assembly,3-1435-2,,,GOODRICH - TROY
1908,GOODRICH AIRCRAFT WHEELS AND BRAKES,2476,Main Landing Gear Wheel Assembly,3-1435-3,,,GOODRICH - TROY
1909,GOODRICH AIRCRAFT WHEELS AND BRAKES,2477,Main Landing Gear Wheel  Assembly,3-1480-1,,,GOODRICH - TROY
1910,GOODRICH AIRCRAFT WHEELS AND BRAKES,2478,Nose Landing Gear Wheel  Assembly,3-1442,,,GOODRICH - TROY
1911,GOODRICH AIRCRAFT WHEELS AND BRAKES,2479,Nose Landing Gear Wheel  Assembly,3-1448,,,GOODRICH - TROY
1912,GOODRICH AIRCRAFT WHEELS AND BRAKES,2483,Main Landing Gear Wheel Assembly,3-1544,,,GOODRICH - TROY
1913,GOODRICH AIRCRAFT WHEELS AND BRAKES,2484,Main Landing Gear Brake Assembly,2-1585,,,GOODRICH - TROY
1914,GOODRICH AIRCRAFT WHEELS AND BRAKES,2638,Main Wheel,3-1631-1,,,GOODRICH - TROY
1915,GOODRICH AIRCRAFT WHEELS AND BRAKES,2639,Brake Assembly,2-1699-1,,,GOODRICH - TROY
1916,GOODRICH AIRCRAFT WHEELS AND BRAKES,4211,Main Landing Gear Brake Assembly,2-1741,,,GOODRICH - TROY
1917,GOODRICH AIRCRAFT WHEELS AND BRAKES,4212,Main Landing Gear Brake Assembly,3-1641,,,GOODRICH - TROY
1918,GOODRICH AIRCRAFT WHEELS AND BRAKES,4697,Main Landing Gear Brake Assembly,2-1741-1,,,GOODRICH - TROY
1919,GOODRICH AIRCRAFT WHEELS AND BRAKES,4740,Freio do trem de pouso principal,2-1768,,,GOODRICH - TROY
1920,GOODRICH AIRCRAFT WHEELS AND BRAKES,4741,Conjunto da roda do trem de pouso principal,3-1701,,,GOODRICH - TROY
1921,GOODRICH AIRCRAFT WHEELS AND BRAKES,4742,Conjunto da roda do trem de pouso do nariz,3-1700,,,GOODRICH - TROY
1922,GOODRICH AIRCRAFT WHEELS AND BRAKES,4798,Nose Landing Gear Wheel Assembly,3-1720(),,,GOODRICH - TROY
1923,GOODRICH AIRCRAFT WHEELS AND BRAKES,4799,Main Landing Gear Wheel Assembly ,3-1699(),,,GOODRICH - TROY
1924,GOODRICH AIRCRAFT WHEELS AND BRAKES,4800,Main Landing Gear Brake Assembly,2-1767(),,,GOODRICH - TROY
1925,GOODRICH AIRCRAFT WHEELS AND BRAKES,4808,Nose Landing Gear  Wheel Assembly,3-1716( ),,,GOODRICH - TROY
1926,GOODRICH AIRCRAFT WHEELS AND BRAKES,4861,Nose Landing Gear Wheel Assembly,3-1622( ),,,GOODRICH - TROY
1927,GOODRICH AVIONICS SYSTEMS INC. - GRAND RAPIDS,2480,Attitude Indicator,501-1197-05,,,GOODRICH
1928,GOODRICH AVIONICS SYSTEMS INC. - GRAND RAPIDS,2481,Attitude Indicator,501-1197-09,,,GOODRICH
1929,GOODRICH AVIONICS SYSTEMS INC. - GRAND RAPIDS,2482,Attitude Gyro,504-0046-901,,,GOODRICH
1930,GOODRICH AVIONICS SYSTEMS INC. - GRAND RAPIDS,2485,Attitude Indicator,501-1657-01,,,GOODRICH
1931,GOODRICH AVIONICS SYSTEMS INC. - GRAND RAPIDS,2486,Transmitter/Receiver Computer,805-11900-( ),,,GOODRICH
1932,GOODRICH AVIONICS SYSTEMS INC. - GRAND RAPIDS,2609,Attitude Indicator,501-1197-20,,,GOODRICH
1933,GOODRICH CABIN SEATING SYSTEMS,4566,ONE PLACE FORWARD FACING SEAT,403181-( ),,,GOODRICH CABIN SEATING SYSTEMS
1934,GOODRICH CORPORATION - PHOENIX,2489,Evacuation Slide Assembly,4A4011-2,,,GOODRICH
1935,GOODRICH CORPORATION - PHOENIX,2490,Evacuation Slide Assembly,4A4030-2,,,GOODRICH
1936,GOODRICH CORPORATION - PHOENIX,2719,Evacuation Slide Assembly,104003-(1),,,GOODRICH
1937,GOODRICH CORPORATION - PHOENIX,2720,Evacuation Slide Assembly,104005-(1),,,GOODRICH
1938,GOODRICH CORPORATION - PHOENIX,3223,Evacuation Slide Assembly,4A4011-3,,,GOODRICH
1939,GOODRICH CORPORATION - PHOENIX,3224,Evacuation Slide Assembly,4A4011-4,,,GOODRICH
1940,GOODRICH CORPORATION - PHOENIX,3225,Evacuation Slide Assembly,4A4030-3,,,GOODRICH
1941,GOODRICH CORPORATION - PHOENIX,3226,Evacuation Slide Assembly,4A4030-4,,,GOODRICH
1942,GOODRICH CORPORATION - PHOENIX,4821,Evacuation Systems,104023-( ),,,GOODRICH
1943,GOODRICH CORPORATION - PHOENIX,4835,Evacuation System,104006( ),,,GOODRICH
1944,GOODRICH CORPORATION - PHOENIX,4836,Evacuation System,104033-( ),,,GOODRICH
1945,GOODRICH INTERIORS - COLORADO SPRINGS,3911,"Forward Facing, Track-Mounted Pilot/Copilot Seat",Model 1429(*),,,GOODRICH
1946,GOODRICH INTERIORS - COLORADO SPRINGS,4323,Goodrich Forward Facing Track-Mounted Pilot/Copilot Seat,1419(),,,GOODRICH
1947,GOODRICH INTERIORS - COLORADO SPRINGS,4482,Embraer Pilot Seat,1431-01( ),,,GOODRICH
1948,GOODRICH INTERIORS - COLORADO SPRINGS,4483,Embraer Copilot Seat,1431-02( ),,,GOODRICH
1949,GOODRICH INTERIORS - COLORADO SPRINGS,4657,"FORWARD FACING, FLOOR MOUNTED OBSERVER SEAT",1142( ) SERIES,,,GOODRICH
1950,GOODRICH POWER SYSTEMS - PITSTONE,2491,Brushless DC Generator,30086-011,,,GOODRICH
1951,GOODRICH POWER SYSTEMS - PITSTONE,2492,30 V Starter Generator,23080-013A,,,GOODRICH
1952,GOODRICH POWER SYSTEMS - PITSTONE,2493,30 V Starter Generator,23080-013B,,,GOODRICH
1953,GOODRICH POWER SYSTEMS - PITSTONE,2494,30 V Starter Generator,23080-025-2,,,GOODRICH
1954,GOODRICH POWER SYSTEMS - PITSTONE,2495,30 V Starter Generator,23080-050,,,GOODRICH
1955,GOODRICH POWER SYSTEMS - PITSTONE,2496,30 V Starter Generator,23080-050A,,,GOODRICH
1956,GOODYEAR TIRE & RUBBER COMPANY,1774,Aircraft Tire 18x4.4 10PR,184F10-2,,,GOODYEAR USA
1957,GOODYEAR TIRE & RUBBER COMPANY,1775,Aircraft Tire 17.5x5.75-8 12PR,178K23-5,,,GOODYEAR USA
1958,GOODYEAR TIRE & RUBBER COMPANY,1776,Aircraft Tire 18x4.4 12PR,184F23-2,,,GOODYEAR USA
1959,GOODYEAR TIRE & RUBBER COMPANY,1777,Aircraft Tire 26x6.6 14PR,266F43-2,,,GOODYEAR USA
1960,GOODYEAR TIRE & RUBBER COMPANY,1778,Aircraft Tire 25.75x6.75-14 14PR,256K43-2,,,GOODYEAR USA
1961,KANNAD,3847,Emergency Locator Transmitter,S1822502-02,,,KANNAD
1962,GOODYEAR TIRE & RUBBER COMPANY,1779,Aircraft Tire 25.75x6.75-14 14PR,256K43-1,,,GOODYEAR USA
1963,GOODYEAR TIRE & RUBBER COMPANY,1780,Aircraft Tire H31x9.75-13 12PR,319K26-1,,,GOODYEAR USA
1964,GOODYEAR TIRE & RUBBER COMPANY,1781,Aircraft Tire 31x9.75-14 12PR,318K28-1,,,GOODYEAR USA
1965,GOODYEAR TIRE & RUBBER COMPANY,1782,Aircraft Tire 22x6.50-10 6PR,222K68-1,,,GOODYEAR USA
1966,GOODYEAR TIRE & RUBBER COMPANY,1783,Aircraft Tire 18x5.5 8PR,185F88-6,,,GOODYEAR USA
1967,GOODYEAR TIRE & RUBBER COMPANY,1784,Aircraft Tire 6.50-8 8PR,658C86-2,,,GOODYEAR USA
1968,GOODYEAR TIRE & RUBBER COMPANY,1785,Aircraft Tire 670x210-12 10PR,670M06-1,,,GOODYEAR USA
1969,GOODYEAR TIRE & RUBBER COMPANY,1786,Aircraft Tire 24x7.25-12 12PR,247R28-1,,,GOODYEAR USA
1970,GOODYEAR TIRE & RUBBER COMPANY,1788,Aircraft Tire 16x4.4 6PR,164F63-1,,,GOODYEAR USA
1971,GOODYEAR TIRE & RUBBER COMPANY,1789,Aircraft Tire 5.00-5 10PR,505C01-2,,,GOODYEAR USA
1972,GOODYEAR TIRE & RUBBER COMPANY,1790,Aircraft Tire 6.00-6 4PR,606C41-6,,,GOODYEAR USA
1973,GOODYEAR TIRE & RUBBER COMPANY,1791,Aircraft Tire 6.00-6 6PR,606C61-6,,,GOODYEAR USA
1974,GOODYEAR TIRE & RUBBER COMPANY,1792,Aircraft Tire 6.50-10 8PR,650C81-5,,,GOODYEAR USA
1975,GOODYEAR TIRE & RUBBER COMPANY,1793,Aircraft Tire 7.00-6 6PR,706C61-4,,,GOODYEAR USA
1976,GOODYEAR TIRE & RUBBER COMPANY,1794,Aircraft Tire 8.00-4 4PR,804C41-1,,,GOODYEAR USA
1977,GOODYEAR TIRE & RUBBER COMPANY,1795,Aircraft Tire 16x4.4 6PR,164F66-2,,,GOODYEAR USA
1978,GOODYEAR TIRE & RUBBER COMPANY,1796,Aircraft Tire 6.50-8 8PR,658C86-4,,,GOODYEAR USA
1979,GOODYEAR TIRE & RUBBER COMPANY,1797,Aircraft Tire 670x210-12 10PR,670M06-2,,,GOODYEAR USA
1980,GOODYEAR TIRE & RUBBER COMPANY,3666,Aircraft Tire  H38x13.0-18 18PR 225 MPH,383K82-1,,,GOODYEAR USA
1981,GOODYEAR TIRE & RUBBER COMPANY,3667,Aircraft Tire  24x7.7   12PR 225 MPH,247F22-1,,,GOODYEAR USA
1982,GOODYEAR TIRE & RUBBER COMPANY,3877,Aircraft Tire 19.5x6.75-8 10PR,196K02B1,,,GOODYEAR USA
1983,GOODYEAR TIRE & RUBBER COMPANY,3896,Aircraft Tire 21x6.5-10 12PR,215K26-1,,,GOODYEAR USA
1984,GOODYEAR TIRE & RUBBER COMPANY,3922,Aircraft Tire H25x8.0-12 16PR 210MPH,258K63-1,,,GOODYEAR USA
1985,GOODYEAR TIRE & RUBBER COMPANY,3923,"Aircraft Tire 15x6.0-6, 3410 LBS at 137 PSI, 210 MPH",156K23B1,,,GOODYEAR USA
1986,GOODYEAR TIRE & RUBBER COMPANY,4377,Aircraft Tire,383K01-2,,,GOODYEAR USA
1987,GOODYEAR TIRE & RUBBER COMPANY,4494,Aircraft Tire H 26.5x8.0-14 14 PR 210MPH,269K43-2,,,GOODYEAR USA
1988,GOODYEAR TIRE & RUBBER COMPANY,4528,AircraftTire - 17.5x5.75-8 10PR 210 MPH,178K03-1,,,GOODYEAR USA
1989,GOODYEAR TIRE & RUBBER COMPANY,4542,Aircraft Tire 21x6.5 12 PR,215K26-2,,,GOODYEAR USA
1990,GOODYEAR TIRE & RUBBER COMPANY,4543,Aircraft Tire H30x9.5-16 16PR 225 MPH,302K62B1,,,GOODYEAR USA
1991,GOODYEAR TIRE & RUBBER COMPANY,4681,Aircraft Tire H25x8.0-12 16PR 210MPH,258K63-2,,,GOODYEAR USA
1992,GOODYEAR TIRE & RUBBER COMPANY,4700,Tubeless Aircraft Tire,438K09-1,,,GOODYEAR USA
1993,GOODYEAR TIRE & RUBBER COMPANY,4701,Aircraft Tire (35x16.5-10 18PR 235MPH),352K89-1,,,GOODYEAR USA
1994,GOODYEAR TIRE & RUBBER COMPANY,4702,Aircraft Tire (H43x16.5-18 20PR 225MPH),438K02-1,,,GOODYEAR USA
1995,GOODYEAR TIRE & RUBBER COMPANY,4703,Aircraft Tire (35x16.5-10 18PR 225MPH),352K82-1,,,GOODYEAR USA
1996,GOODYEAR TIRE & RUBBER COMPANY,4891,H26.5x8.0R14,269Q63-1,,,GOODYEAR USA
1997,GOODYEAR TIRE & RUBBER COMPANY,4895,H26.5x8.0R14,269Q43-1,,,GOODYEAR USA
1998,GOODYEAR TIRE & RUBBER COMPANY,4927,Pneu aeronáutico,156E23-1,,,GOODYEAR USA
1999,HAMILTON SUNDSTRAND POWER SYSTEMS,2023,Auxiliary Power Unit,T-62T-40C7E1,,,HAMILTON SUNDSTRAND
2000,HAMILTON SUNDSTRAND POWER SYSTEMS,2025,GPWS/Windshear Computer,965-0876-030-B03-B03*,,,HAMILTON SUNDSTRAND
2001,HAMILTON SUNDSTRAND POWER SYSTEMS,2030,Auxiliary Power Unit,T-62T-40C11,,,HAMILTON SUNDSTRAND
2002,HAMILTON SUNDSTRAND POWER SYSTEMS,2032,Auxiliary Power Unit,T-20G-10C3,,,HAMILTON SUNDSTRAND
2003,HAMILTON SUNDSTRAND POWER SYSTEMS,2033,Auxiliary Power Unit,T-20G-10C3A,,,HAMILTON SUNDSTRAND
2004,HAMILTON SUNDSTRAND POWER SYSTEMS,2034,Auxiliary Power Unit,4504112 (T-62T-40C14),,,HAMILTON SUNDSTRAND
2005,HAMILTON SUNDSTRAND POWER SYSTEMS,2035,Auxiliary Power Unit,4503934 (T-62T-46C14),,,HAMILTON SUNDSTRAND
2006,HAMILTON SUNDSTRAND POWER SYSTEMS,2036,Auxiliary Power Unit,T-62T-46C14,,,HAMILTON SUNDSTRAND
2007,HAMILTON SUNDSTRAND POWER SYSTEMS,2037,Auxiliary Power Unit System,4505000,,,HAMILTON SUNDSTRAND
2008,HAMILTON SUNDSTRAND POWER SYSTEMS,2038,Auxiliary Power Unit,4505001,,,HAMILTON SUNDSTRAND
2009,HAMILTON SUNDSTRAND POWER SYSTEMS,2039,Full Authority Digital Electronic Control,4505003,,,HAMILTON SUNDSTRAND
2010,HAMILTON SUNDSTRAND POWER SYSTEMS,2040,Electronic Starter Controller,4505005,,,HAMILTON SUNDSTRAND
2011,HAMILTON SUNDSTRAND POWER SYSTEMS,2041,Bleed Valve,4952361,,,HAMILTON SUNDSTRAND
2012,HAMILTON SUNDSTRAND POWER SYSTEMS,4744,Auxiliary Power Unit System Cat. 1,4509593,,,HAMILTON SUNDSTRAND
2013,HAMILTON SUNDSTRAND POWER SYSTEMS,4745,APU Outline,4509594,,,HAMILTON SUNDSTRAND
2014,HAMILTON SUNDSTRAND POWER SYSTEMS,4746,Eletronic Controller Outline,4509596,,,HAMILTON SUNDSTRAND
2015,HAMILTON SUNDSTRAND POWER SYSTEMS,4747,Boot Software Version 01.00.000,4508686,,,HAMILTON SUNDSTRAND
2016,HAMILTON SUNDSTRAND POWER SYSTEMS,4748,Aplication Software Version 01.00.000,4511081,,,HAMILTON SUNDSTRAND
2017,HONEYWELL INTERNATIONAL INC.,1413,20 Slot Chassis,7029782-1914,,,HONEYWELL GLENDALE
2018,HONEYWELL INTERNATIONAL INC.,1414,PWR-200 Power Supply Module,7024440-1901,,,HONEYWELL GLENDALE
2019,HONEYWELL INTERNATIONAL INC.,1415,GIO-200 Dual Generic I/O,7025365-1901,,,HONEYWELL GLENDALE
2020,HONEYWELL INTERNATIONAL INC.,1416,CNT-100 Control I/O,7026534-1902,,,HONEYWELL GLENDALE
2021,HONEYWELL INTERNATIONAL INC.,1417,FCM Flight Control Module,7028272-1801,,,HONEYWELL GLENDALE
2022,HONEYWELL INTERNATIONAL INC.,1418,CIO-E01,7028422-1902,,,HONEYWELL GLENDALE
2023,HONEYWELL INTERNATIONAL INC.,1419,16 Slot Chassis MAU 16U,7029782-1913,,,HONEYWELL GLENDALE
2024,HONEYWELL INTERNATIONAL INC.,1420,NI-900 NIM LRM,7517964-910,,,HONEYWELL GLENDALE
2025,HONEYWELL INTERNATIONAL INC.,1421,NI-900 NIM LRM,7517964-911,,,HONEYWELL GLENDALE
2026,HONEYWELL INTERNATIONAL INC.,1422,NI-900 NIM LRM,7517964-915,,,HONEYWELL GLENDALE
2027,HONEYWELL INTERNATIONAL INC.,1423,NI-900 NIM LRM,7517964-916,,,HONEYWELL GLENDALE
2028,HONEYWELL INTERNATIONAL INC.,1424,AIO-F01 Fixed Wing AIOP,7028432-1901,,,HONEYWELL GLENDALE
2029,HONEYWELL INTERNATIONAL INC.,1425,NIC-200 Dual NIC,7026542-( ),,,HONEYWELL GLENDALE
2030,HONEYWELL INTERNATIONAL INC.,1426,EGP-100 EGPWM,7028419-1902,,,HONEYWELL GLENDALE
2031,HONEYWELL INTERNATIONAL INC.,1427,DU-1080 Display Unit,7023460-801,,,HONEYWELL GLENDALE
2032,HONEYWELL INTERNATIONAL INC.,1428,DU-1080 Display Unit,7023460-802,,,HONEYWELL GLENDALE
2033,HONEYWELL INTERNATIONAL INC.,1429,DF-855 Line Replaceable Module,7510114-855,,,HONEYWELL GLENDALE
2034,HONEYWELL INTERNATIONAL INC.,1430,CC-800 Cursor Control,7025050-901,,,HONEYWELL GLENDALE
2035,HONEYWELL INTERNATIONAL INC.,1431,CC-800 Cursor Control,7025050-902,,,HONEYWELL GLENDALE
2036,HONEYWELL INTERNATIONAL INC.,1432,CC-800 Cursor Control,7025050-941,,,HONEYWELL GLENDALE
2037,HONEYWELL INTERNATIONAL INC.,1433,CC-800 Cursor Control,7025050-942,,,HONEYWELL GLENDALE
2038,HONEYWELL INTERNATIONAL INC.,1434,MRC-855A Modular Radio Cabinet,7517959-902,,,HONEYWELL GLENDALE
2039,HONEYWELL INTERNATIONAL INC.,1435,DBM-100 Database Module,7026532-1901,,,HONEYWELL GLENDALE
2040,HONEYWELL INTERNATIONAL INC.,1436,DM-855 Distance Measuring Equipment,7510184-855,,,HONEYWELL GLENDALE
2041,HONEYWELL INTERNATIONAL INC.,1437,MC-850 Multipurpose Controller and Display Unit,7025725-901,,,HONEYWELL GLENDALE
2042,HONEYWELL INTERNATIONAL INC.,1438,MC-850 Multipurpose Controller and Display Unit,7025725-911,,,HONEYWELL GLENDALE
2043,HONEYWELL INTERNATIONAL INC.,1439,MC-850 Multipurpose Controller and Display Unit,7025725-920,,,HONEYWELL GLENDALE
2044,HONEYWELL INTERNATIONAL INC.,1440,MC-850 Multipurpose Controller and Display Unit,7025725-931,,,HONEYWELL GLENDALE
2045,HONEYWELL INTERNATIONAL INC.,1441,MC-850 Multipurpose Controller and Display Unit,7025725-940,,,HONEYWELL GLENDALE
2046,HONEYWELL INTERNATIONAL INC.,1442,TR-865B VHF Data Radio,7026201-802,,,HONEYWELL GLENDALE
2047,HONEYWELL INTERNATIONAL INC.,1443,MT-860 MINI Cabinet,7026240-901,,,HONEYWELL GLENDALE
2048,HONEYWELL INTERNATIONAL INC.,1444,GP-750 Guidance Panel,7028590-( ),,,HONEYWELL GLENDALE
2049,HONEYWELL INTERNATIONAL INC.,1445,AV-900 Digital Audio Panel,7511900-903,,,HONEYWELL GLENDALE
2050,HONEYWELL INTERNATIONAL INC.,1446,AV-900 Digital Audio Panel,7511900-925,,,HONEYWELL GLENDALE
2051,HONEYWELL INTERNATIONAL INC.,1447,AV-900 Digital Audio Panel,7511900-982,,,HONEYWELL GLENDALE
2052,HONEYWELL INTERNATIONAL INC.,1448,XS-8XX Transponder,7517400-( ),,,HONEYWELL GLENDALE
2053,HONEYWELL INTERNATIONAL INC.,1449,PRIMUS 440/660/880 Weather Radar,7021450-801,,,HONEYWELL GLENDALE
2054,HONEYWELL INTERNATIONAL INC.,1461,AMM-200 PSAMM,7029308-1901,,,HONEYWELL GLENDALE
2055,HONEYWELL INTERNATIONAL INC.,1465,NV-875A,7026202-801,,,HONEYWELL GLENDALE
2056,HONEYWELL INTERNATIONAL INC.,1466,TCAS Directional Antenna,7514081-917,,,HONEYWELL GLENDALE
2057,HONEYWELL INTERNATIONAL INC.,1467,BC-900 Bus Coupler,7027566-902,,,HONEYWELL GLENDALE
2058,HONEYWELL INTERNATIONAL INC.,1468,AMM-100 Air Management Module,7027208-1903,,,HONEYWELL GLENDALE
2059,HONEYWELL INTERNATIONAL INC.,1469,TR-865A VHF Data Radio,7026201-801,,,HONEYWELL GLENDALE
2060,HONEYWELL INTERNATIONAL INC.,1470,PRIMUS-440/660/880 Weather Radar,7021450-601,,,HONEYWELL GLENDALE
2061,HONEYWELL INTERNATIONAL INC.,1471,IM-950 Aircraft Personality Module,7519272-901,,,HONEYWELL GLENDALE
2062,HONEYWELL INTERNATIONAL INC.,1472,CMC Module,7026548-1901,,,HONEYWELL GLENDALE
2063,HONEYWELL INTERNATIONAL INC.,1474,BC-900 Bus Coupler,7027566-901,,,HONEYWELL GLENDALE
2064,HONEYWELL INTERNATIONAL INC.,2077,Field Loadable Primus Epic System,"PS7027709-00103, Software ID MM7027704-004",,,HONEYWELL GLENDALE
2065,HONEYWELL INTERNATIONAL INC.,1451,Inertial Reference Unit,HG2100AB( ),,,HONEYWELL MINNEAPOLIS
2066,HONEYWELL INTERNATIONAL INC.,1452,Mounting Tray,WG2001AA( ),,,HONEYWELL MINNEAPOLIS
2067,HONEYWELL INTERNATIONAL INC.,4848,Inertial Reference Unit HG2100BD( ),HG2100BD( ),,,HONEYWELL MINNEAPOLIS
2068,HONEYWELL INTERNATIONAL INC.,4849,Field Loadable Op Program Software MH2217D( ),NH2217D( ),,,HONEYWELL MINNEAPOLIS
2069,HONEYWELL INTERNATIONAL INC.,4850,Field Loadable Magnetic Variation Table Op Prog Constants NH2219D( ),NH2219D( ),,,HONEYWELL MINNEAPOLIS
2070,HONEYWELL INTERNATIONAL INC.,4851,Attitude Heading Reference Unit HG2205AB( ),HG2205AB( ),,,HONEYWELL MINNEAPOLIS
2071,HONEYWELL INTERNATIONAL INC.,4852,Mouting Tray WG2005AB( ),WG2005AB( ),,,HONEYWELL MINNEAPOLIS
2072,HONEYWELL INTERNATIONAL INC.,1450,KT 73 Mode S Transponder,066-01164-0101,,,HONEYWELL OLATHE
2073,HONEYWELL INTERNATIONAL INC.,1455,KMH 920 Multi-Hazard Awareness Unit,066-01178-0101,,,HONEYWELL OLATHE
2074,HONEYWELL INTERNATIONAL INC.,1456,KMH 920 Multi-Hazard Awareness Unit,066-01178-2101,,,HONEYWELL OLATHE
2075,HONEYWELL INTERNATIONAL INC.,1457,KTA 910 Traffic Alert and Collision Avoidance System I Unit,066-01177-0101,,,HONEYWELL OLATHE
2076,HONEYWELL INTERNATIONAL INC.,1458,KCM 805 Configuration Module,071-00112-0100,,,HONEYWELL OLATHE
2077,HONEYWELL INTERNATIONAL INC.,1459,KLN 94 GPS,069-01034-0101,,,HONEYWELL OLATHE
2078,HONEYWELL INTERNATIONAL INC.,1462,KPA 1052 Power Amplifier,064-01072-0101,,,HONEYWELL OLATHE
2079,HONEYWELL INTERNATIONAL INC.,1463,KRX 1053 Receiver/Exciter,064-01073-0101,,,HONEYWELL OLATHE
2080,HONEYWELL INTERNATIONAL INC.,1464,KAC 1052 Antenna Coupler,064-01074-0101,,,HONEYWELL OLATHE
2081,HONEYWELL INTERNATIONAL INC.,1473,KRA405B Radar Altimeter Receiver/Transmiter,066-01153-0101,,,HONEYWELL OLATHE
2082,HONEYWELL INTERNATIONAL INC.,2251,KMD 540 MFD Base Unit (Black),066-04035-0101,,,HONEYWELL OLATHE
2083,HONEYWELL INTERNATIONAL INC.,2252,KMD 540 MFD Base Unit (Gray),066-04035-0201,,,HONEYWELL OLATHE
2084,HONEYWELL INTERNATIONAL INC.,2253,KMD 540 MFD Base Unit (5G),066-04035-0301,,,HONEYWELL OLATHE
2085,HONEYWELL INTERNATIONAL INC.,2254,KMD 540 MFD Base Unit (Black),066-04035-1101,,,HONEYWELL OLATHE
2086,HONEYWELL INTERNATIONAL INC.,2255,KMD 540 MFD Base Unit (Gray),066-04035-1201,,,HONEYWELL OLATHE
2087,HONEYWELL INTERNATIONAL INC.,2256,KMD 540 MFD Base Unit (5G),066-04035-1301,,,HONEYWELL OLATHE
2088,HONEYWELL INTERNATIONAL INC.,2257,Weather Radar Module,071-00159-0111,,,HONEYWELL OLATHE
2089,HONEYWELL INTERNATIONAL INC.,2258,EGPWS Module,071-00158-0211,,,HONEYWELL OLATHE
2090,HONEYWELL INTERNATIONAL INC.,2259,FIS Module,071-00168-0311,,,HONEYWELL OLATHE
2091,HONEYWELL INTERNATIONAL INC.,2260,Traffic Module,071-00166-0411,,,HONEYWELL OLATHE
2092,HONEYWELL INTERNATIONAL INC.,2261,Americas (206-00406-0113),071-00161-0101,,,HONEYWELL OLATHE
2093,HONEYWELL INTERNATIONAL INC.,2262,Pacific International (206-00406-0113),071000161-0102,,,HONEYWELL OLATHE
2094,HONEYWELL INTERNATIONAL INC.,2263,Atlantic International (206-00406-0113),071-00161-0103,,,HONEYWELL OLATHE
2095,HONEYWELL INTERNATIONAL INC.,2265,MFD (W/O GPS),066-040036-0201,,,HONEYWELL OLATHE
2096,HONEYWELL INTERNATIONAL INC.,2266,MFD (With GPS),066-04036-101,,,HONEYWELL OLATHE
2097,HONEYWELL INTERNATIONAL INC.,2267,Americas Data Card,071-00201-0101,,,HONEYWELL OLATHE
2098,HONEYWELL INTERNATIONAL INC.,2268,Pacific Int. Data Card,071-00201-0102,,,HONEYWELL OLATHE
2099,HONEYWELL INTERNATIONAL INC.,2269,Atlantic Int. Data Card,071-00201-0103,,,HONEYWELL OLATHE
2100,HONEYWELL INTERNATIONAL INC.,2270,Install Kit,050-03656-0000,,,HONEYWELL OLATHE
2101,HONEYWELL INTERNATIONAL INC.,4125,KTR 2280 MMDR,069-01037-0102,,,HONEYWELL OLATHE
2102,HONEYWELL INTERNATIONAL INC.,4126,Installation Kit KTR 2280 MMDR,050-03721-0000,,,HONEYWELL OLATHE
2103,HONEYWELL INTERNATIONAL INC.,4127,Installation Kit KA 44B Associated with KTR 2280 MMDR.,050-01756-0020,,,HONEYWELL OLATHE
2104,HONEYWELL INTERNATIONAL INC.,1475,PRIMUS 800 Color Weather Radar,MI585350,,,HONEYWELL PHOENIX
2105,HONEYWELL INTERNATIONAL INC.,1476,PRIMUS 450 Weather Radar,7008470-( ),,,HONEYWELL PHOENIX
2106,HONEYWELL INTERNATIONAL INC.,1477,PRIMUS 650 Weather Radar,7008470-( ),,,HONEYWELL PHOENIX
2107,HONEYWELL INTERNATIONAL INC.,1478,PRIMUS II RCZ 850 ,75110100-( ),,,HONEYWELL PHOENIX
2108,HONEYWELL INTERNATIONAL INC.,1479,PRIMUS 870 Weather Radar ,7012640-( ),,,HONEYWELL PHOENIX
2109,HONEYWELL INTERNATIONAL INC.,1480,SI-225S Mach Airspeed Indicator,7005358-902,,,HONEYWELL PHOENIX
2110,HONEYWELL INTERNATIONAL INC.,1481,Mach Airspeed/Airspeed Indicator,7002860-902,,,HONEYWELL PHOENIX
2111,HONEYWELL INTERNATIONAL INC.,1482,Vertical Speed Indicator,4013013-914,,,HONEYWELL PHOENIX
2112,HONEYWELL INTERNATIONAL INC.,1483,FX-600 Thin Flux Valve Assy.,7010133,,,HONEYWELL PHOENIX
2113,HONEYWELL INTERNATIONAL INC.,1484,CS 412 Dual Remote Compensator,2593379-002,,,HONEYWELL PHOENIX
2114,HONEYWELL INTERNATIONAL INC.,1485,Flight Guidance Computer,7003974-707,,,HONEYWELL PHOENIX
2115,HONEYWELL INTERNATIONAL INC.,1486,Flight Guidance Computer,7003974-708,,,HONEYWELL PHOENIX
2116,HONEYWELL INTERNATIONAL INC.,1487,Elevator Servo,4006719-913,,,HONEYWELL PHOENIX
2117,HONEYWELL INTERNATIONAL INC.,1488,ED 800 Electronic Display,7003110-921,,,HONEYWELL PHOENIX
2118,HONEYWELL INTERNATIONAL INC.,1489,GC 800 Flight Guidance Controller,7003975-801,,,HONEYWELL PHOENIX
2119,HONEYWELL INTERNATIONAL INC.,1490,GC 800 Flight Guidance Controller,7003975-821,,,HONEYWELL PHOENIX
2120,HONEYWELL INTERNATIONAL INC.,1491,CG 810 Guidance Controller Panel,7011702-901,,,HONEYWELL PHOENIX
2121,HONEYWELL INTERNATIONAL INC.,1492,Digital Air Data Computer,7000700-925,,,HONEYWELL PHOENIX
2122,HONEYWELL INTERNATIONAL INC.,1493,Digital Air Data Computer,7000700-965,,,HONEYWELL PHOENIX
2123,HONEYWELL INTERNATIONAL INC.,1494,AH 600 AHRS Computer,7003360-902,,,HONEYWELL PHOENIX
2124,HONEYWELL INTERNATIONAL INC.,1495,AH 600 AHRS Computer,7003360-932,,,HONEYWELL PHOENIX
2125,HONEYWELL INTERNATIONAL INC.,1496,Instrument Remote Control,4026206-933,,,HONEYWELL PHOENIX
2126,HONEYWELL INTERNATIONAL INC.,1497,Instrument Remote Control,4026206-973,,,HONEYWELL PHOENIX
2127,HONEYWELL INTERNATIONAL INC.,1498,Dual Instrument Remote Control,4026206-940,,,HONEYWELL PHOENIX
2128,HONEYWELL INTERNATIONAL INC.,1499,Dual Instrument Remote Control,4026206-974,,,HONEYWELL PHOENIX
2129,HONEYWELL INTERNATIONAL INC.,1500,SG 811 Symbol Generator,7004544-212,,,HONEYWELL PHOENIX
2130,HONEYWELL INTERNATIONAL INC.,1501,SG 816 Symbol Generator,7011674-816,,,HONEYWELL PHOENIX
2131,HONEYWELL INTERNATIONAL INC.,1502,SG 816 Symbol Generator,7011674-116,,,HONEYWELL PHOENIX
2132,HONEYWELL INTERNATIONAL INC.,1503,SG 816 Symbol Generator,7011674-216,,,HONEYWELL PHOENIX
2133,HONEYWELL INTERNATIONAL INC.,1504,SG 816 Symbol Generator,7011674-316,,,HONEYWELL PHOENIX
2134,HONEYWELL INTERNATIONAL INC.,1505,MG 611/811 Symbol Generator,7007321-811,,,HONEYWELL PHOENIX
2135,HONEYWELL INTERNATIONAL INC.,1506,MFD Symbol Generator,7011675-816,,,HONEYWELL PHOENIX
2136,HONEYWELL INTERNATIONAL INC.,1507,MFD Symbol Generator,7011675-116,,,HONEYWELL PHOENIX
2137,HONEYWELL INTERNATIONAL INC.,1508,MFD Symbol Generator,7011675-216,,,HONEYWELL PHOENIX
2138,HONEYWELL INTERNATIONAL INC.,1509,MG-816 Symbol Generator,7011675-316,,,HONEYWELL PHOENIX
2139,HONEYWELL INTERNATIONAL INC.,1510,MC 800 MFD Controller,700762-901,,,HONEYWELL PHOENIX
2140,HONEYWELL INTERNATIONAL INC.,1511,MC 800 MFD Controller,7007062-925,,,HONEYWELL PHOENIX
2141,HONEYWELL INTERNATIONAL INC.,1512,DC 810 Display Controller,7005819-609,,,HONEYWELL PHOENIX
2142,HONEYWELL INTERNATIONAL INC.,1513,DC 810 Display Controller,7005819-719,,,HONEYWELL PHOENIX
2143,HONEYWELL INTERNATIONAL INC.,1514,DC 810 Display Controller,7005819-727,,,HONEYWELL PHOENIX
2144,HONEYWELL INTERNATIONAL INC.,1515,DC 810 Display Controller,7005819-729,,,HONEYWELL PHOENIX
2145,HONEYWELL INTERNATIONAL INC.,1516,DC 810 Display Controller,7005819-739,,,HONEYWELL PHOENIX
2146,HONEYWELL INTERNATIONAL INC.,1517,AL 801/VN 801 Control Display Unit,7004577-903,,,HONEYWELL PHOENIX
2147,HONEYWELL INTERNATIONAL INC.,1518,SB-201A Bracket,4005842,,,HONEYWELL PHOENIX
2148,HONEYWELL INTERNATIONAL INC.,1524,DU-870 Display Unit,7014300-901,,,HONEYWELL PHOENIX
2149,HONEYWELL INTERNATIONAL INC.,1534,Model Select Unit,CG1042AB03,,,HONEYWELL PHOENIX
2150,HONEYWELL INTERNATIONAL INC.,1542,Autopilot Controller,4018639-909,,,HONEYWELL PHOENIX
2151,HONEYWELL INTERNATIONAL INC.,1543,Autopilot Computer SP-200,4008519-952,,,HONEYWELL PHOENIX
2152,HONEYWELL INTERNATIONAL INC.,1544,Roll/Yaw/Pitch Servo,4006719-906,,,HONEYWELL PHOENIX
2153,HONEYWELL INTERNATIONAL INC.,1545,Roll/Yaw/Pitch Servo,4006719-914,,,HONEYWELL PHOENIX
2154,HONEYWELL INTERNATIONAL INC.,1547,TAS Temp. Indicator,7002638-902,,,HONEYWELL PHOENIX
2155,HONEYWELL INTERNATIONAL INC.,1548,BA-141 Barometric Altitude Indicator,4016341-905,,,HONEYWELL PHOENIX
2156,HONEYWELL INTERNATIONAL INC.,1549,Vertical Navigation Controller,4020571-904,,,HONEYWELL PHOENIX
2157,HONEYWELL INTERNATIONAL INC.,1550,Gyrosyn Compass,4020577-3,,,HONEYWELL PHOENIX
2158,HONEYWELL INTERNATIONAL INC.,1551,Dual Remote Conpensator,2593379-1,,,HONEYWELL PHOENIX
2159,HONEYWELL INTERNATIONAL INC.,1552,ED-600 Electronic Display,7003430-901,,,HONEYWELL PHOENIX
2160,HONEYWELL INTERNATIONAL INC.,1553,Display Controller,7012977-753,,,HONEYWELL PHOENIX
2161,HONEYWELL INTERNATIONAL INC.,1554,SG-605 Symbol Generator,7011672-606,,,HONEYWELL PHOENIX
2162,HONEYWELL INTERNATIONAL INC.,1555,MC-605 Symbol Generator,7011673-606,,,HONEYWELL PHOENIX
2163,HONEYWELL INTERNATIONAL INC.,1556,MC-800 Multifunction Display Controller,7007062-927,,,HONEYWELL PHOENIX
2164,HONEYWELL INTERNATIONAL INC.,1557,MC-800 Multifunction Display Controller,7007062-933,,,HONEYWELL PHOENIX
2165,HONEYWELL INTERNATIONAL INC.,1558,RZ-220 Roll Rate Monitor,4015901-920,,,HONEYWELL PHOENIX
2166,HONEYWELL INTERNATIONAL INC.,1559,Flight Director Computer,4018369-905,,,HONEYWELL PHOENIX
2167,HONEYWELL INTERNATIONAL INC.,1560,RG-204 Rate Gyroscope,7007453-903,,,HONEYWELL PHOENIX
2168,HONEYWELL INTERNATIONAL INC.,1561,VG-14A Vertical Gyro,7000622-901,,,HONEYWELL PHOENIX
2169,HONEYWELL INTERNATIONAL INC.,1562,Normal Accelerometer,7000992,,,HONEYWELL PHOENIX
2170,HONEYWELL INTERNATIONAL INC.,1563,MS-205 Mode Selector,4020570-905,,,HONEYWELL PHOENIX
2171,HONEYWELL INTERNATIONAL INC.,1564,RD-450 Horiz. Sit. Indicator,7002493-903,,,HONEYWELL PHOENIX
2172,HONEYWELL INTERNATIONAL INC.,1565,VNAV Control Display Unit,7000472-901,,,HONEYWELL PHOENIX
2173,HONEYWELL INTERNATIONAL INC.,1566,Navigation Computer,7004402-654,,,HONEYWELL PHOENIX
2174,HONEYWELL INTERNATIONAL INC.,1567,CD-800 Control Display Unit,7004403-901,,,HONEYWELL PHOENIX
2175,HONEYWELL INTERNATIONAL INC.,1568,AZ-800 Digital Air Data Computer,7000700-948,,,HONEYWELL PHOENIX
2176,HONEYWELL INTERNATIONAL INC.,1569,Air Data Computer,4013241-931,,,HONEYWELL PHOENIX
2177,HONEYWELL INTERNATIONAL INC.,1570,Air Data Computer (TAS/VLF),4013242-706,,,HONEYWELL PHOENIX
2178,HONEYWELL INTERNATIONAL INC.,1571,SG-605 EFIS Symbol Generator,7011672-667,,,HONEYWELL PHOENIX
2179,HONEYWELL INTERNATIONAL INC.,1572,MG-605 MFD Symbol Generator,7011673-667,,,HONEYWELL PHOENIX
2180,HONEYWELL INTERNATIONAL INC.,1573,AH-600 Strapdown AHRU,7003360-940,,,HONEYWELL PHOENIX
2181,HONEYWELL INTERNATIONAL INC.,1574,AH-600 Strapdown AHRU,7003360-941,,,HONEYWELL PHOENIX
2182,HONEYWELL INTERNATIONAL INC.,1575,VG-14A Vertical Gyro,7000622-901,,,HONEYWELL PHOENIX
2183,HONEYWELL INTERNATIONAL INC.,1576,RD-550A Horizontal Situation Indicator,7001179-951,,,HONEYWELL PHOENIX
2184,HONEYWELL INTERNATIONAL INC.,1577,AD-550C Attitude Director Indicator,7001182-913,,,HONEYWELL PHOENIX
2185,HONEYWELL INTERNATIONAL INC.,1578,AD-550C Attitude Director Indicator,7001182-909,,,HONEYWELL PHOENIX
2186,HONEYWELL INTERNATIONAL INC.,1579,AC-801 AHRS Controller,7004545-901,,,HONEYWELL PHOENIX
2187,HONEYWELL INTERNATIONAL INC.,1580,C14A Directional Gyro,2587193-43,,,HONEYWELL PHOENIX
2188,HONEYWELL INTERNATIONAL INC.,1581,AZ-810 Air Data Computer,7000700-935,,,HONEYWELL PHOENIX
2189,HONEYWELL INTERNATIONAL INC.,1582,AZ-810 Air Data Computer,7000700-940,,,HONEYWELL PHOENIX
2190,HONEYWELL INTERNATIONAL INC.,1583,AZ-810 Air Data Computer,7000700-975,,,HONEYWELL PHOENIX
2191,HONEYWELL INTERNATIONAL INC.,1584,FZ-800 Flight Guidance Computer,7003974-709,,,HONEYWELL PHOENIX
2192,HONEYWELL INTERNATIONAL INC.,1585,FZ-800 Flight Guidance Computer,7003974-714,,,HONEYWELL PHOENIX
2193,HONEYWELL INTERNATIONAL INC.,1586,FZ-800 Flight Guidance Computer,7003974-710,,,HONEYWELL PHOENIX
2194,HONEYWELL INTERNATIONAL INC.,1587,GC-801 Flight Guidance Controller,7003975-901,,,HONEYWELL PHOENIX
2195,HONEYWELL INTERNATIONAL INC.,1588,SM-300 Servo and Bracket,7002260-923,,,HONEYWELL PHOENIX
2196,HONEYWELL INTERNATIONAL INC.,1589,SM-300 Servo and Bracket,7002260-922,,,HONEYWELL PHOENIX
2197,HONEYWELL INTERNATIONAL INC.,1590,SM-710 Linear Actuator,4012373-817,,,HONEYWELL PHOENIX
2198,HONEYWELL INTERNATIONAL INC.,1591,SM-710 Linear Actuator,4012373-917,,,HONEYWELL PHOENIX
2199,HONEYWELL INTERNATIONAL INC.,1593,RT-300 Radio Altimeter Receiver/Tranmitter,7001840-902,,,HONEYWELL PHOENIX
2200,HONEYWELL INTERNATIONAL INC.,1594,RT-300 Radio Altimeter Receiver/Transmitter,7001840-912,,,HONEYWELL PHOENIX
2201,HONEYWELL INTERNATIONAL INC.,1595,RI-306 Instrument Remote Controller,4026206-915,,,HONEYWELL PHOENIX
2202,HONEYWELL INTERNATIONAL INC.,1596,TM-400 Trim Servo and Bracket,7003032-612,,,HONEYWELL PHOENIX
2203,HONEYWELL INTERNATIONAL INC.,1597,ID-800 Advisory Display,7003652-901,,,HONEYWELL PHOENIX
2204,HONEYWELL INTERNATIONAL INC.,1598,ID-802 Advisory Display,7003652-601,,,HONEYWELL PHOENIX
2205,HONEYWELL INTERNATIONAL INC.,1599,ED-800 Electronic Display,7003110-901,,,HONEYWELL PHOENIX
2206,HONEYWELL INTERNATIONAL INC.,1600,SG-811 Symbol Generator,7004544-312,,,HONEYWELL PHOENIX
2207,HONEYWELL INTERNATIONAL INC.,1601,DC-810 Display Controller,7005819-701,,,HONEYWELL PHOENIX
2208,HONEYWELL INTERNATIONAL INC.,1602,CS-313 Remote Compensator,2586257-1,,,HONEYWELL PHOENIX
2209,HONEYWELL INTERNATIONAL INC.,1603,DG-234 Directional Gyro,2588302-5,,,HONEYWELL PHOENIX
2210,HONEYWELL INTERNATIONAL INC.,1604,CL-201 Compass Coupler,2591201-922,,,HONEYWELL PHOENIX
2211,HONEYWELL INTERNATIONAL INC.,1605,CC-210 Compass Control Unit,4013584-901,,,HONEYWELL PHOENIX
2212,HONEYWELL INTERNATIONAL INC.,1606,Digital Air Data Computer,7000700-947,,,HONEYWELL PHOENIX
2213,HONEYWELL INTERNATIONAL INC.,1607,RT-300 Radio Altimeter,7001840-922,,,HONEYWELL PHOENIX
2214,HONEYWELL INTERNATIONAL INC.,1608,Flight Guidance Computer,7003974-716,,,HONEYWELL PHOENIX
2215,HONEYWELL INTERNATIONAL INC.,1609,GC-810 Flight Guidance Controller,7011702-905,,,HONEYWELL PHOENIX
2216,HONEYWELL INTERNATIONAL INC.,1610,Lightning Processor LP-850,7011822-903,,,HONEYWELL PHOENIX
2217,HONEYWELL INTERNATIONAL INC.,1611,AT-855 Lightning Sensor Antenna,7014062-901,,,HONEYWELL PHOENIX
2218,HONEYWELL INTERNATIONAL INC.,1613,Laser Inrtial Reference Unit,HG1075AE03,,,HONEYWELL PHOENIX
2219,HONEYWELL INTERNATIONAL INC.,1614,Global Positioning System Sensor Unit,HG2021AB01,,,HONEYWELL PHOENIX
2220,HONEYWELL INTERNATIONAL INC.,1615,TCAS Computer Unit,4066010-903,,,HONEYWELL PHOENIX
2221,HONEYWELL INTERNATIONAL INC.,1616,Mode S Transponder,4061400-904,,,HONEYWELL PHOENIX
2222,HONEYWELL INTERNATIONAL INC.,1617,Mode S Transponder,4061400-905,,,HONEYWELL PHOENIX
2223,HONEYWELL INTERNATIONAL INC.,1618,VSI/TRA Display,4067241-86X,,,HONEYWELL PHOENIX
2224,HONEYWELL INTERNATIONAL INC.,1619,CS-212 Compensator,656767,,,HONEYWELL PHOENIX
2225,HONEYWELL INTERNATIONAL INC.,1620,GH-14 Gyro Horizon,4021541-691,,,HONEYWELL PHOENIX
2226,HONEYWELL INTERNATIONAL INC.,1621,GH-14 Gyro Horizon,4021541-791,,,HONEYWELL PHOENIX
2227,HONEYWELL INTERNATIONAL INC.,1622,PC-700 Autopilot Controller,7000299-908,,,HONEYWELL PHOENIX
2228,HONEYWELL INTERNATIONAL INC.,1623,MS-700 Mode Selector,7000605-906,,,HONEYWELL PHOENIX
2229,HONEYWELL INTERNATIONAL INC.,1624,AZ-649 Air Data Sensor,7002353-913,,,HONEYWELL PHOENIX
2230,HONEYWELL INTERNATIONAL INC.,1625,AL-300 Air Data Command Display,7002412-904,,,HONEYWELL PHOENIX
2231,HONEYWELL INTERNATIONAL INC.,1626,FZ-710 Digital Flight Control Computer,7008138-902,,,HONEYWELL PHOENIX
2232,HONEYWELL INTERNATIONAL INC.,1627,SM-512 Dual Pitch Control Rod Assembly,7012409-901,,,HONEYWELL PHOENIX
2233,HONEYWELL INTERNATIONAL INC.,1628,RZ-710 Servo Monitor,7012693-901,,,HONEYWELL PHOENIX
2234,HONEYWELL INTERNATIONAL INC.,1629,AG-710 Vertical Accelerometer,7013307-1,,,HONEYWELL PHOENIX
2235,HONEYWELL INTERNATIONAL INC.,1630,PC-400 Autopilot Controller,7003897-907,,,HONEYWELL PHOENIX
2236,HONEYWELL INTERNATIONAL INC.,1631,IC-500 Integrated Computer,7017000-50102,,,HONEYWELL PHOENIX
2237,HONEYWELL INTERNATIONAL INC.,1632,AZ-429 Air Data Sensor,7017970-901,,,HONEYWELL PHOENIX
2238,HONEYWELL INTERNATIONAL INC.,1633,DC-550 Display Controller,7016986-701,,,HONEYWELL PHOENIX
2239,HONEYWELL INTERNATIONAL INC.,1634,RI-553 Instrument Controller,7016954-901,,,HONEYWELL PHOENIX
2240,HONEYWELL INTERNATIONAL INC.,1635,MS-560 Mode Selector,7018341-901,,,HONEYWELL PHOENIX
2241,HONEYWELL INTERNATIONAL INC.,1636,SP-200 Autopilot Computer,4008519-8XX,,,HONEYWELL PHOENIX
2242,HONEYWELL INTERNATIONAL INC.,1637,SM-200A Servo Drive,4006719-904,,,HONEYWELL PHOENIX
2243,HONEYWELL INTERNATIONAL INC.,1638,SM-200A Servo Drive,4006719-908,,,HONEYWELL PHOENIX
2244,HONEYWELL INTERNATIONAL INC.,1639,PC-600 Autopilot Controller,4018639-901,,,HONEYWELL PHOENIX
2245,HONEYWELL INTERNATIONAL INC.,1640,MS-205 Mode Selector,4020570-901,,,HONEYWELL PHOENIX
2246,HONEYWELL INTERNATIONAL INC.,1642,RD-550 Horizontal Situation Indicator,7001179-959,,,HONEYWELL PHOENIX
2247,HONEYWELL INTERNATIONAL INC.,1643,AD-550A Attitude Director Indicator,7001182-901,,,HONEYWELL PHOENIX
2248,HONEYWELL INTERNATIONAL INC.,1644,RT-300 Radio Altimeter Receiver/Transmitter,7001840-915,,,HONEYWELL PHOENIX
2249,HONEYWELL INTERNATIONAL INC.,1645,RA-315 Radio Altimeter Indicator,7000839-903,,,HONEYWELL PHOENIX
2250,HONEYWELL INTERNATIONAL INC.,1646,FZ-800 Flight Guidance Computer,7003974-718,,,HONEYWELL PHOENIX
2251,HONEYWELL INTERNATIONAL INC.,1647,GC-810 Guidance Controler,7011702-925,,,HONEYWELL PHOENIX
2252,HONEYWELL INTERNATIONAL INC.,1649,SG-816 Symbol Generator,7011674-416,,,HONEYWELL PHOENIX
2253,HONEYWELL INTERNATIONAL INC.,1651,MG-816 Symbol Generator,7011675-416,,,HONEYWELL PHOENIX
2254,HONEYWELL INTERNATIONAL INC.,1652,AZ-810 Digital Air Data Computer,7000700-969,,,HONEYWELL PHOENIX
2255,HONEYWELL INTERNATIONAL INC.,1653,AH-600 Air Data Computer,7003360-932,,,HONEYWELL PHOENIX
2256,HONEYWELL INTERNATIONAL INC.,1654,AZ-850 Micro Air Data Computer,7014700-905,,,HONEYWELL PHOENIX
2257,HONEYWELL INTERNATIONAL INC.,1656,BL-870 Bezel,7014331-921,,,HONEYWELL PHOENIX
2258,HONEYWELL INTERNATIONAL INC.,1657,BL-871,7014332-941,,,HONEYWELL PHOENIX
2259,HONEYWELL INTERNATIONAL INC.,1658,MC-800 MFD Controller,7007062-939,,,HONEYWELL PHOENIX
2260,HONEYWELL INTERNATIONAL INC.,1659,RM-850 Radio Management Unit,7012100-801,,,HONEYWELL PHOENIX
2261,HONEYWELL INTERNATIONAL INC.,1660,AV-850A  Audio Control Unit,7511001-913,,,HONEYWELL PHOENIX
2262,HONEYWELL INTERNATIONAL INC.,1661,CD-850 Clearance Delivery Unit,7513000-805,,,HONEYWELL PHOENIX
2263,HONEYWELL INTERNATIONAL INC.,1662,DI-851 DME Indicator,7513006-911,,,HONEYWELL PHOENIX
2264,HONEYWELL INTERNATIONAL INC.,1663,RZN-850 Integrated Radio Nav Unit,7510100-921,,,HONEYWELL PHOENIX
2265,HONEYWELL INTERNATIONAL INC.,1664,RZN-850B Integrated Radio Nav Unit,7510100-923,,,HONEYWELL PHOENIX
2266,HONEYWELL INTERNATIONAL INC.,1665,RCZ-851E Comm Unit,7510700-806,,,HONEYWELL PHOENIX
2267,HONEYWELL INTERNATIONAL INC.,1666,RCZ-851F Comm Unit,7510700-807,,,HONEYWELL PHOENIX
2268,HONEYWELL INTERNATIONAL INC.,1667,RCZ-851G Comm Unit,7510700-808,,,HONEYWELL PHOENIX
2269,HONEYWELL INTERNATIONAL INC.,1668,MS-560 Mode Selector,7018341-903,,,HONEYWELL PHOENIX
2270,HONEYWELL INTERNATIONAL INC.,1670,RI-553 Remote Instrument Controller,7016954-903,,,HONEYWELL PHOENIX
2271,HONEYWELL INTERNATIONAL INC.,1671,DC-550 EFIS Display Controller,7016986-707,,,HONEYWELL PHOENIX
2272,HONEYWELL INTERNATIONAL INC.,1672,IC-600 Display Guidance Computer,7017000-80151,,,HONEYWELL PHOENIX
2273,HONEYWELL INTERNATIONAL INC.,1673,IC-600 Display Guidance Computer,7017000-81151,,,HONEYWELL PHOENIX
2274,HONEYWELL INTERNATIONAL INC.,1674,IC-600 Display Guidance Computer,7017000-80152,,,HONEYWELL PHOENIX
2275,HONEYWELL INTERNATIONAL INC.,1675,Ic-600 Display Guidance Computer,7017000-81152,,,HONEYWELL PHOENIX
2276,HONEYWELL INTERNATIONAL INC.,1676,FX-220 Flux Valve,2594484,,,HONEYWELL PHOENIX
2277,HONEYWELL INTERNATIONAL INC.,1677,RCZ-833,7510700-833,,,HONEYWELL PHOENIX
2278,HONEYWELL INTERNATIONAL INC.,1678,RCZ-833B,7510700-762,,,HONEYWELL PHOENIX
2279,HONEYWELL INTERNATIONAL INC.,1679,RCZ-833B,7510700-862,,,HONEYWELL PHOENIX
2280,HONEYWELL INTERNATIONAL INC.,1680,RCZ-833C,7510700-864,,,HONEYWELL PHOENIX
2281,HONEYWELL INTERNATIONAL INC.,1681,RCZ-833D,7510700-865,,,HONEYWELL PHOENIX
2282,HONEYWELL INTERNATIONAL INC.,1682,RCZ-833E,7510700-766,,,HONEYWELL PHOENIX
2283,HONEYWELL INTERNATIONAL INC.,1683,RCZ-833E,7510700-866,,,HONEYWELL PHOENIX
2284,HONEYWELL INTERNATIONAL INC.,1684,RCZ-833G,7510700-768,,,HONEYWELL PHOENIX
2285,HONEYWELL INTERNATIONAL INC.,1685,RCZ-833G,7510700-868,,,HONEYWELL PHOENIX
2286,HONEYWELL INTERNATIONAL INC.,1686,RCZ-833H,7510700-769,,,HONEYWELL PHOENIX
2287,HONEYWELL INTERNATIONAL INC.,1687,RCZ-833H,7510700-869,,,HONEYWELL PHOENIX
2288,HONEYWELL INTERNATIONAL INC.,1688,RCZ-851H,7510700-809,,,HONEYWELL PHOENIX
2289,HONEYWELL INTERNATIONAL INC.,1689,RCZ-853,7510700-853,,,HONEYWELL PHOENIX
2290,HONEYWELL INTERNATIONAL INC.,1690,RCZ-854E,7510700-726,,,HONEYWELL PHOENIX
2291,HONEYWELL INTERNATIONAL INC.,1691,RCZ-854E,7510700-826,,,HONEYWELL PHOENIX
2292,HONEYWELL INTERNATIONAL INC.,1692,RCZ-854G,7510700-728,,,HONEYWELL PHOENIX
2293,HONEYWELL INTERNATIONAL INC.,1693,RCZ-854G,7510700-828,,,HONEYWELL PHOENIX
2294,HONEYWELL INTERNATIONAL INC.,1694,RCZ-854H,7510700-729,,,HONEYWELL PHOENIX
2295,HONEYWELL INTERNATIONAL INC.,1695,RCZ-854H,7510700-829,,,HONEYWELL PHOENIX
2296,HONEYWELL INTERNATIONAL INC.,1696,RM-850,7012100-821,,,HONEYWELL PHOENIX
2297,HONEYWELL INTERNATIONAL INC.,1697,RM-850,7012100-822,,,HONEYWELL PHOENIX
2298,HONEYWELL INTERNATIONAL INC.,1698,RM-850,7012100-823,,,HONEYWELL PHOENIX
2299,HONEYWELL INTERNATIONAL INC.,1699,RM-850,7012100-824,,,HONEYWELL PHOENIX
2300,HONEYWELL INTERNATIONAL INC.,1700,RM-850,7012100-825,,,HONEYWELL PHOENIX
2301,HONEYWELL INTERNATIONAL INC.,1701,RM-850,7012100-826,,,HONEYWELL PHOENIX
2302,HONEYWELL INTERNATIONAL INC.,1702,RM-850,7012100-827,,,HONEYWELL PHOENIX
2303,HONEYWELL INTERNATIONAL INC.,1703,RM-850,7012100-828,,,HONEYWELL PHOENIX
2304,HONEYWELL INTERNATIONAL INC.,1704,RM-855,7013270-935,,,HONEYWELL PHOENIX
2305,HONEYWELL INTERNATIONAL INC.,1705,RM-855,7013270-936,,,HONEYWELL PHOENIX
2306,HONEYWELL INTERNATIONAL INC.,1706,RM-855,7013270-961,,,HONEYWELL PHOENIX
2307,HONEYWELL INTERNATIONAL INC.,1707,RM-855,7013270-962,,,HONEYWELL PHOENIX
2308,HONEYWELL INTERNATIONAL INC.,1708,RM-855,7013270-963,,,HONEYWELL PHOENIX
2309,HONEYWELL INTERNATIONAL INC.,1709,RM-855,7013270-964,,,HONEYWELL PHOENIX
2310,HONEYWELL INTERNATIONAL INC.,1710,RM-855,7013270-965,,,HONEYWELL PHOENIX
2311,HONEYWELL INTERNATIONAL INC.,1711,RM-855,7013270-966,,,HONEYWELL PHOENIX
2312,HONEYWELL INTERNATIONAL INC.,1712,RM-855,7013270-967,,,HONEYWELL PHOENIX
2313,HONEYWELL INTERNATIONAL INC.,1713,RM-855,7013270-968,,,HONEYWELL PHOENIX
2314,HONEYWELL INTERNATIONAL INC.,1714,CD-850,7013000-831,,,HONEYWELL PHOENIX
2315,HONEYWELL INTERNATIONAL INC.,1715,CD-850,7013000-832,,,HONEYWELL PHOENIX
2316,HONEYWELL INTERNATIONAL INC.,1716,CD-850,7013000-835,,,HONEYWELL PHOENIX
2317,HONEYWELL INTERNATIONAL INC.,1717,CD-850,7013000-836,,,HONEYWELL PHOENIX
2318,HONEYWELL INTERNATIONAL INC.,1718,CD-850,7013000-837,,,HONEYWELL PHOENIX
2319,HONEYWELL INTERNATIONAL INC.,1719,CD-850,7013000-838,,,HONEYWELL PHOENIX
2320,HONEYWELL INTERNATIONAL INC.,2058,Auxiliary Power Unit,3800062-9,,,HONEYWELL PHOENIX
2321,HONEYWELL INTERNATIONAL INC.,2076,Auxiliary Power Unit,3800700-1,,,HONEYWELL PHOENIX
2322,HONEYWELL INTERNATIONAL INC.,2264,Auxiliary Power Unit,3800726-1,,,HONEYWELL PHOENIX
2323,HONEYWELL INTERNATIONAL INC.,4525,NZ 2010 FMS NAVIGATION COMPUTER,7018879-0303x beginning with -03036,,,HONEYWELL PHOENIX
2324,HONEYWELL INTERNATIONAL INC.,4568,INTEGRATED COMMUNICATIONS UNIT - RCZ-833M,7510733-66,,,HONEYWELL PHOENIX
2325,HONEYWELL INTERNATIONAL INC.,4570,Auxiliary Power Unit (APU) - Gas Turbine,70720189-1,,,HONEYWELL PHOENIX
2326,HONEYWELL INTERNATIONAL INC.,4571,Auxiliary Power Unit (APU) - Electronic Control Unit Software Version MSJ-00.05,70720276-2,,,HONEYWELL PHOENIX
2327,HONEYWELL INTERNATIONAL INC.,4822,Field Loadable Software,PS60003155-0100,,,HONEYWELL PHOENIX
2328,HONEYWELL INTERNATIONAL INC.,4823,1  slot MAU,7029782-2930,,,HONEYWELL PHOENIX
2329,HONEYWELL INTERNATIONAL INC.,4824,"Configuration Module MAU, IM-950",7519272-801,,,HONEYWELL PHOENIX
2330,HONEYWELL INTERNATIONAL INC.,4825,Custom CSIO,60002791-1901,,,HONEYWELL PHOENIX
2331,HONEYWELL INTERNATIONAL INC.,4826,"Next Generation Dual Generic IO, GIO-400",7038622-1901,,,HONEYWELL PHOENIX
2332,HONEYWELL INTERNATIONAL INC.,4827,"ADF Antena, AT-860",7510300-901,,,HONEYWELL PHOENIX
2333,HONEYWELL INTERNATIONAL INC.,4828,"NG Power Supply, PWR-210",7038248-1901,,,HONEYWELL PHOENIX
2334,HONEYWELL INTERNATIONAL INC.,4829,"Bus Coupler, BC-900",7027566-904,,,HONEYWELL PHOENIX
2335,HONEYWELL INTERNATIONAL INC.,4830,NG Enhanced ASCB-D Dual NIC with Compact Flash NIC-221,7038231-2906,,,HONEYWELL PHOENIX
2336,HONEYWELL INTERNATIONAL INC.,4831,MAU 16-20 Slot,7029782-2923,,,HONEYWELL PHOENIX
2337,HONEYWELL INTERNATIONAL INC.,4832,NV-879,7026208-811-812,,,HONEYWELL PHOENIX
2338,HONEYWELL INTERNATIONAL INC.,4833,"Network Interface Model, NI-901",60000091-917,,,HONEYWELL PHOENIX
2339,HONEYWELL INTERNATIONAL INC.,4834,"Advanced Grafics Module, AGM 300",60000770-1901,,,HONEYWELL PHOENIX
2340,HONEYWELL INTERNATIONAL INC.,4837,"Next Generation Control IO, CNT-200",7038472-1901,,,HONEYWELL PHOENIX
2341,HONEYWELL INTERNATIONAL INC.,4905,Field Loadable Software,PS60003259-0308,,,HONEYWELL PHOENIX
2342,HONEYWELL INTERNATIONAL INC.,4931,MM7027704-306	,PS60002067-0306,,,HONEYWELL PHOENIX
2343,HONEYWELL INTERNATIONAL INC.,1453,Cockpit Control Panel,980-6124-002,,,HONEYWELL REDMOND
2344,HONEYWELL INTERNATIONAL INC.,1454,Digital Voice/Data Recorder,980-6025-( ),,,HONEYWELL REDMOND
2345,HONEYWELL INTERNATIONAL INC.,1460,Cockpit Area Microphone,980-6113-( ),,,HONEYWELL REDMOND
2346,HOOVER INDUSTRIES,1747,Flotation Vest Assembly,3500 Series,,,HOOVER
2347,HOOVER INDUSTRIES,1748,Flotation Vest Assembly,3505 Series,,,HOOVER
2348,HOOVER INDUSTRIES,2794,Adult-Child Life Preserver,HS 3701-Series,,,HOOVER
2349,IPECO EUROPE LIMITED,2096,Pilot Seat,3A035-0005-01,,,IPECO
2350,IPECO EUROPE LIMITED,2097,Co-Pilot Seat,3A035-0006-01,,,IPECO
2351,IPECO EUROPE LIMITED,2098,Pilot Seat,3A026-0009-( )-( ),,,IPECO
2352,IPECO EUROPE LIMITED,2099,Pilot Seat,3A026-0019-( )-( ),,,IPECO
2353,IPECO EUROPE LIMITED,2100,Pilot Seat,3A026-0013-( )-( ),,,IPECO
2354,IPECO EUROPE LIMITED,2101,Pilot Seat,3A026-0010-( )-( ),,,IPECO
2355,IPECO EUROPE LIMITED,2102,Pilot Seat,3A026-0020-( )-( ),,,IPECO
2356,IPECO EUROPE LIMITED,2103,Pilot Seat,3A026-0014-( )-( ),,,IPECO
2357,KANNAD,3714,Emergency Locator Transmitter ,S1840501-XX.(X).(XX),,,KANNAD
2358,KANNAD,3715,Mounting Bracket associated with 406 AF-COMPACT,S1840502-XX.(X).(XX),,,KANNAD
2359,KANNAD,3845,Emergency Locator Transmitter,S1821502-02,,,KANNAD
2360,KANNAD,3860,"Mounting Bracket associated with 406 AF, 406 AF-H, 406 AP, 406 AP-H",S1820511-01,,,KANNAD
2361,KANNAD,4431,INTEGRA FAMILY,0141823 AMDT F OR HIGHER,,,KANNAD
2362,KANNAD,4432,INTEGRA FAMILY,S1850501-XX.X.(XX),,,KANNAD
2363,KANNAD,4433,INTEGRA FAMILY,S1851501-XX.X.(XX),,,KANNAD
2364,KANNAD,4434,INTEGRA FAMILY,S1852501-XX.X.(XX),,,KANNAD
2365,KANNAD,4435,INTEGRA FAMILY,S1854501-XX.X.(XX),,,KANNAD
2366,KGS ELECTRONICS,2144,Static Inverter,SPC-38,,,KGS ELETRONICS
2367,KGS ELECTRONICS A GAR ENTERPRISE CO.,4674,DC TO AC STATIC INVERTER,SB120(E),,,KGS ELETRONICS - ARCADIA
2368,KGS ELECTRONICS A GAR ENTERPRISE CO.,4675,DC TO AC STATIC INVERTER,SS120(E),,,KGS ELETRONICS - ARCADIA
2369,KIDDE AEROSPACE,2550,Smoke Detector,30-231-14,,,KIDDE
2370,KIDDE AEROSPACE,2551,Smoke Detector,473597-18,,,KIDDE
2371,KIDDE AEROSPACE,2859,Portable Fire Extiguisher - Liquid Type,892480,,,KIDDE
2372,KIDDE AEROSPACE,4838,Fire Detection TLSE for the Left FWD Thrust Reverser Door,22602100,,,KIDDE
2373,KIDDE AEROSPACE,4839,Fire Detection TLSE for the Left AFT Thrust Reverser Door,25008225,,,KIDDE
2374,KIDDE AEROSPACE,4840,Fire Detection TLSE for the Right FWD Thrust Reverser Door,22603325,,,KIDDE
2375,KIDDE AEROSPACE,4841,Fire Detection TLSE for the Right AFT Thrust Reverser Door,25008225,,,KIDDE
2376,KIDDE AEROSPACE,4842,Fire Detection TLSE for the Pylon (Firewall),22602010,,,KIDDE
2377,KIDDE AEROSPACE,4856,APD Fire Detector for the APU,10-1413,,,KIDDE
2378,KIDDE AEROSPACE,4857,APD Fire Detector for Main Landing Gear Bay,10-1424,,,KIDDE
2379,KIDDE AEROSPACE,4904,Portable Fire Extinguisher,892480,,,KIDDE
2380,KOLLSMAN INSTRUMENT COMPANY,2150,Encoding Pneumatic Altimeter,44929-013,,,KOLLSMAN
2381,KOLLSMAN INSTRUMENT COMPANY,2151,Encoding Pneumatic Altimeter,44929-935,,,KOLLSMAN
2382,"KULITE SEMICONDUCTOR PRODUCTS, INC",2145,Pressure Transducer,APT-75-1000-4000A,,,KULITE SEMICONDUTOR
2383,"KULITE SEMICONDUCTOR PRODUCTS, INC",2146,Pressure Transducer,APT-76-1000-100D,,,KULITE SEMICONDUTOR
2384,L. A. RUMBOLD LIMITED,2164,Business Class Seat,M70205-001,,,RUMBOLD
2385,L. A. RUMBOLD LIMITED,2165,Business Class Seat,M70205-002,,,RUMBOLD
2386,L. A. RUMBOLD LIMITED,2166,Business Class Seat,M70205-003,,,RUMBOLD
2387,L3 AVIATION PRODUCTS,4845,Solid State Control Unit,S161( ),,,L3
2388,L3 AVIATION PRODUCTS,4846,Cockpit Area Microphone for Solid State Cockpit Voice Recorder,S058( ),,,L3
2389,L3 AVIATION PRODUCTS,4847,"Flight Data, Cockpit Voice and Combination Voice and Data Recorder",5( ),,,L3
2390,L-3 COMMUNICATIONS AVIONICS SYSTEMS INC,2148,Stormscope Series II Weather Mapping System,WX-1000,,,L-3
2391,L-3 COMMUNICATIONS AVIONICS SYSTEMS INC,2590,Servo Actuator,SA-151D,,,L-3
2392,L-3 COMMUNICATIONS AVIONICS SYSTEMS INC,4439,ESI-1000,9200-32100-0101,,,L-3
2393,L-3 COMMUNICATIONS AVIONICS SYSTEMS INC,4440,ESI-1000,9200-32100-0201,,,L-3
2394,L-3 COMMUNICATIONS AVIONICS SYSTEMS INC,4441,ESI-1000,9200-32100-1001,,,L-3
2395,L-3 COMMUNICATIONS AVIONICS SYSTEMS INC,4445,ESI-2000,9200-32500-0011,,,L-3
2396,L-3 COMMUNICATIONS AVIONICS SYSTEMS INC,4446,ESI-2000,9200-32500-0021,,,L-3
2397,L-3 COMMUNICATIONS AVIONICS SYSTEMS INC,4447,ESI-2000,9200-32500-0031,,,L-3
2398,L-3 COMMUNICATIONS AVIONICS SYSTEMS INC,4448,ESI-2000,9200-32500-0041,,,L-3
2399,L-3 COMMUNICATIONS AVIONICS SYSTEMS INC,4449,ESI-2000,9230-32501-01,,,L-3
2400,LOCKHEED AIRCRAFT SERVICE COMPANY,2152,Digital Flight Data Recorder,10077A500-(8XX),,,LOCKHEED SERVICE
2401,LORAL DATA SYSTEMS,2154,Cockpit Voice Recorder,GA100,,,LORAL
2402,LORAL DATA SYSTEMS,2155,Flight Data Recorder,S800-2000( ),,,LORAL
2403,LORAL DATA SYSTEMS,2156,Flight Data Recorder,S800-3000( ),,,LORAL
2404,LORAL DATA SYSTEMS,2157,Flight Data Recorder,S903-2000( ),,,LORAL
2405,LORAL DATA SYSTEMS,2158,Flight Data Recorder,S703-1000( ),,,LORAL
2406,LORAL DATA SYSTEMS,2159,Flight Data Recorder,S603-1000( ),,,LORAL
2407,LORAL DATA SYSTEMS,2160,Cockpit Voice Recorder,S200-0003-00,,,LORAL
2408,LORAL DATA SYSTEMS,2161,Cockpit Voice Recorder,S200-0003-90,,,LORAL
2409,LORAL DATA SYSTEMS,2162,Cockpit Voice Recorder,S200-0012-00,,,LORAL
2410,MARATHON POWER TECHNOLOGIES CO.,2456,Static Inverter,PC-251-123E,,,MARATHON
2411,MARATHON POWER TECHNOLOGIES CO.,2457,Static Inverter,PC-251-123F,,,MARATHON
2412,MEGGITT AEROSPACE LTD. T/A MEGGITT AIRCRAFT BRAKING SYSTEMS,4174,Landing Gear Brake Assembly,DAP00097-01,,,MEGGITT - MABS - UK
2413,MEGGITT AEROSPACE LTD. T/A MEGGITT AIRCRAFT BRAKING SYSTEMS,4175,Main Wheel Assembly,DAP00098-01,,,MEGGITT - MABS - UK
2414,MEGGITT AEROSPACE LTD. T/A MEGGITT AIRCRAFT BRAKING SYSTEMS,4176,Main Wheel Assembly,DAP00098-02,,,MEGGITT - MABS - UK
2415,MEGGITT AEROSPACE LTD. T/A MEGGITT AIRCRAFT BRAKING SYSTEMS,4177,Nose Wheel Assembly,DAP00099-01,,,MEGGITT - MABS - UK
2416,MEGGITT AEROSPACE LTD. T/A MEGGITT AIRCRAFT BRAKING SYSTEMS,4459,Landing Gear Nose Wheel ,DAP00099-02,,,MEGGITT - MABS - UK
2417,MEGGITT AEROSPACE LTD. T/A MEGGITT AIRCRAFT BRAKING SYSTEMS,4480,Main Wheel Brake Assembly,DAP00097-02,,,MEGGITT - MABS - UK
2418,MEGGITT AEROSPACE LTD. T/A MEGGITT AIRCRAFT BRAKING SYSTEMS,4582,Main Wheel Brake Assembly,DAP00097-03,,,MEGGITT - MABS - UK
2419,MEGGITT AEROSPACE LTD. T/A MEGGITT AIRCRAFT BRAKING SYSTEMS,4715,Brake Assembly,90006967-2,,,MEGGITT - MABS - UK
2420,MEGGITT AEROSPACE LTD. T/A MEGGITT AIRCRAFT BRAKING SYSTEMS,4717,Main Wheel Brake Assembly,DAP00097-04,,,MEGGITT - MABS - UK
2421,MEGGITT AIRCRAFT BRAKING SYSTEMS,4001,Wheel Assembly,90002317-1,,,MEGGITT - MABS - AKRON
2422,MEGGITT AIRCRAFT BRAKING SYSTEMS,4002,Wheel Assembly,90002317-2,,,MEGGITT - MABS - AKRON
2423,MEGGITT AIRCRAFT BRAKING SYSTEMS,4003,Brake Assembly,90002340,,,MEGGITT - MABS - AKRON
2424,MEGGITT AIRCRAFT BRAKING SYSTEMS,4004,Brake Assembly,90002340-1,,,MEGGITT - MABS - AKRON
2425,MEGGITT AIRCRAFT BRAKING SYSTEMS,4198,Tri-Metallic Brake Assembly,90005025-1,,,MEGGITT - MABS - AKRON
2426,MEGGITT AIRCRAFT BRAKING SYSTEMS,4314,Nose Wheel Assembly,90006965,,,MEGGITT - MABS - AKRON
2427,MEGGITT AIRCRAFT BRAKING SYSTEMS,4467,Main Wheel Assembly,90006966,,,MEGGITT - MABS - AKRON
2428,MEGGITT AIRCRAFT BRAKING SYSTEMS,4468,Brake Assembly,90006967,,,MEGGITT - MABS - AKRON
2429,MEGGITT AIRCRAFT BRAKING SYSTEMS,4660,AIRCRAFT BRAKE CARBON SKYDROL ASSEMBLY,90006967-1,,,MEGGITT - MABS - AKRON
2430,MEGGITT AIRCRAFT BRAKING SYSTEMS,4929,Forged Aluminum Main Wheel Assembly,90011353,,,MEGGITT - MABS - AKRON
2431,MEGGITT AIRCRAFT BRAKING SYSTEMS,4930,Carbon Brake Assembly,90011354-1,,,MEGGITT - MABS - AKRON
2432,MEGGITT SAFETY SYSTEMS,1749,Fire Overhead Detector,801-DRH,,,MEGGITT - SIMI VALLEY
2433,MEGGITT SAFETY SYSTEMS,1750,Fire Overhead Detector,801-DRL,,,MEGGITT - SIMI VALLEY
2434,MEGGITT SAFETY SYSTEMS,2789,Cargo Smoke Detector,8930-( ),,,MEGGITT - SIMI VALLEY
2435,MEGGITT SAFETY SYSTEMS,3669,Main Wheel Assembly,90005024,,,MEGGITT - SIMI VALLEY
2436,MEGGITT SAFETY SYSTEMS,3670,Brake Assembly,90005025,,,MEGGITT - SIMI VALLEY
2437,MEGGITT SAFETY SYSTEMS,3671,Nose Wheel Assembly,90005023-1,,,MEGGITT - SIMI VALLEY
2438,MEGGITT SAFETY SYSTEMS,4901,Fire Detector,3601-(),,,MEGGITT - SIMI VALLEY
2439,MEGGITT SAFETY SYSTEMS,4902,Fire Detector,5421-(),,,MEGGITT - SIMI VALLEY
2440,MEGGITT SAFETY SYSTEMS,4903,Fire Detector,8891-(),,,MEGGITT - SIMI VALLEY
2441,MICHELIN AIRCRAFT TIRE CORPORATION - USA,2459,Aircraft Tire 26x6.6 14PR,033-659-1,,,MICHELIN
2442,MICHELIN AIRCRAFT TIRE CORPORATION - USA,2460,Aircraft Tire 18x4.4 12PR,033-614-0,,,MICHELIN
2443,MICHELIN AIRCRAFT TIRE CORPORATION - USA,2461,Aircraft Tire 18x4.4 10PR,031-613-8,,,MICHELIN
2444,MICHELIN AIRCRAFT TIRE CORPORATION - USA,2462,Aircraft Tire 22x8.0 10/12PR,028-700-0,,,MICHELIN
2445,MICHELIN AIRCRAFT TIRE CORPORATION - USA,2463,Aircraft Tire 24x7.25-12 12PR,026-609-0,,,MICHELIN
2446,MICHELIN AIRCRAFT TIRE CORPORATION - USA,2464,Aircraft Tire 18x5.5 8PR,028-630-0,,,MICHELIN
2447,MICHELIN AIRCRAFT TIRE CORPORATION - USA,2465,Aircraft Tire 18x5.5 8PR,028-630-1,,,MICHELIN
2448,MICHELIN AIRCRAFT TIRE DIVISION - LPAV,3319,Aircraft Tire H41x16.0R20/22PR/225MPH,M18602,,,MICHELIN - LPAV
2449,MICHELIN AIRCRAFT TIRE DIVISION - LPAV,3320,Aircraft Tire 24x7.7R10/16PR/225MPH,M18201,,,MICHELIN - LPAV
2450,MICHELIN AIRCRAFT TIRE DIVISION - LPAV,4136,Main Landing Gear Tyre H38x13.0R18 20PR 225MPH,M19601,,,MICHELIN - LPAV
2451,MICHELIN AIRCRAFT TIRE DIVISION - LPAV,4460,Main Landing Gear Tire,061-338-2,,,MICHELIN - LPAV
2452,MICHELIN AIRCRAFT TIRE DIVISION - LPAV,4749,MAIN LANDING GEAR TYRE,M21101,,,MICHELIN - LPAV
2453,MICHELIN AIRCRAFT TIRE DIVISION - LPAV,4750,NOSE LANDING GEAR TYRE,M20001,,,MICHELIN - LPAV
2454,MICROAIR AVIONICS PTY LTD.,1751,Transponder,T2000SFL-01( ),,,MICROAIR
2455,"MIDCONTINENT INSTRUMENTS AND AVIONICS, MIDCONTINENT INSTRUMENTS CO. INC.",4546,STANDBY ATTITUDE MODULE,6420302-( ),,,MIDCONTINENT AVIONICS
2456,"MITCHELL AIRCRAFT PRODUCTS, INC.",4454,Mechanical Recording Tachometer,D1-112-5023,,,MITCHELL RICHMOND
2457,MPC PRODUCTS CORPORATION,1752,Servo Actuator,SM3000,,,MPC
2458,MPC PRODUCTS CORPORATION,1753,Bracket,SB3000,,,MPC
2459,NARCO AVIONICS INC,2163,NAV/COM,MK-12D/E,,,NARCO
2460,NORTHROP GRUMMAN LITEF GMBH,4663,LCR-100 ATTITUDE HEADING REFERENCE SYSTEM,145130-(XXXX)-(XXX),,,NORTHROP
2461,PACIFIC SCIENTIFIC TECHNOLOGY GROUP,2104,Restraint System,0108900-41,,,PACIFIC SCIENTIFIC
2462,PACIFIC SCIENTIFIC TECHNOLOGY GROUP,2105,Restraint System,0108900-47,,,PACIFIC SCIENTIFIC
2463,PACIFIC SCIENTIFIC TECHNOLOGY GROUP,2106,Lap Belt Assembly,1101964,,,PACIFIC SCIENTIFIC
2464,PARKER HANNIFIN CORPORATION,2167,Fuel Quantity Gauging System,028-936-001,,,PARKER HANNIFIN
2465,PARKER HANNIFIN CORPORATION,2168,Tank Unit,020-240-001,,,PARKER HANNIFIN
2466,PARKER HANNIFIN CORPORATION,2169,Tank Unit,020-240-002,,,PARKER HANNIFIN
2467,PARKER HANNIFIN CORPORATION,2170,Tank Unit,020-240-003,,,PARKER HANNIFIN
2468,PARKER HANNIFIN CORPORATION,2171,Tank Unit,020-240-004,,,PARKER HANNIFIN
2469,PARKER HANNIFIN CORPORATION,2172,Tank Unit,020-240-005,,,PARKER HANNIFIN
2470,PARKER HANNIFIN CORPORATION,2173,Tank Unit,020-240-006,,,PARKER HANNIFIN
2471,PARKER HANNIFIN CORPORATION,2174,Tank Unit,020-240-007,,,PARKER HANNIFIN
2472,PARKER HANNIFIN CORPORATION,2175,Tank Unit,020-240-008,,,PARKER HANNIFIN
2473,PARKER HANNIFIN CORPORATION,2176,Tank Unit,020-240-009,,,PARKER HANNIFIN
2474,PARKER HANNIFIN CORPORATION,2177,Tank Unit,020-240-106,,,PARKER HANNIFIN
2475,PARKER HANNIFIN CORPORATION,2178,Tank Unit Compensator,021-056-001,,,PARKER HANNIFIN
2476,PARKER HANNIFIN CORPORATION,2179,Low Level Sensor,057-023-001,,,PARKER HANNIFIN
2477,PARKER HANNIFIN CORPORATION,2180,In-Tank Harness,080-261-001,,,PARKER HANNIFIN
2478,PARKER HANNIFIN CORPORATION,2181,Refuel/Defuel Panel,366-208-001,,,PARKER HANNIFIN
2479,PARKER HANNIFIN CORPORATION,2182,Fuel Conditioning Unit,367-329-001,,,PARKER HANNIFIN
2480,PARKER HANNIFIN CORPORATION,2183,Fuel Conditioning Unit,367-329-002,,,PARKER HANNIFIN
2481,PARKER HANNIFIN CORPORATION,2632,Tank Unit,020-240-011,,,PARKER HANNIFIN
2482,PARKER HANNIFIN CORPORATION,2633,Tank Unit,020-240-012,,,PARKER HANNIFIN
2483,PARKER HANNIFIN CORPORATION,2634,Tank Unit,020-240-013,,,PARKER HANNIFIN
2484,PARKER HANNIFIN CORPORATION,2635,Tank Unit,020-240-014,,,PARKER HANNIFIN
2485,PARKER HANNIFIN CORPORATION,2636,Tank Harness,080-261-002,,,PARKER HANNIFIN
2486,PARKER HANNIFIN CORPORATION,2637,Tank Unit with Compensator,021-056-002,,,PARKER HANNIFIN
2487,PARKER HANNIFIN CORPORATION,4664,FUEL PROBE,020-261-001 THROUGH 020-261-009,,,PARKER HANNIFIN
2488,PARKER HANNIFIN CORPORATION,4665,FUEL PROBE/COMPENSATOR,021-071-001,,,PARKER HANNIFIN
2489,PARKER HANNIFIN CORPORATION,4666,LEVEL SENSOR,057-031-001,,,PARKER HANNIFIN
2490,PARKER HANNIFIN CORPORATION,4667,WING IN-TANK HARNESS,080-343-001,,,PARKER HANNIFIN
2491,PARKER HANNIFIN CORPORATION,4668,TEMPERATURE SENSOR,862-015-001,,,PARKER HANNIFIN
2492,PARKER HANNIFIN CORPORATION,4669,REFUEL/DEFUEL PANEL,366-223-001,,,PARKER HANNIFIN
2493,PARKER HANNIFIN CORPORATION,4670,REPEATER INDICATOR,366-927-002,,,PARKER HANNIFIN
2494,PARKER HANNIFIN CORPORATION,4699,Fuel Conditioning Unit (FCU),367-510-002,,,PARKER HANNIFIN
2495,POINTER INC.,2466,Emergency Locator Transmitter,3000-( ) Series,,,POINTER
2496,PRATT & WHITNEY,4738,APU APS2300,4505000,,,P&W
2497,PRATT & WHITNEY,4773,APU System,APS2600E,,,P&W
2498,PRATT & WHITNEY,4789,Aplication Software Version 01.00.000,4511081,,,P&W
2499,PRATT & WHITNEY,4790,Boot Software Version 01.00.000,4508686,,,P&W
2500,PRATT & WHITNEY,4791,Auxiliary Power Unit System Cat. 1,4509593,,,P&W
2501,PRATT & WHITNEY,4792,APU Outline,4509594,,,P&W
2502,PRATT & WHITNEY,4793,Eletronic Controller Outline,4509596,,,P&W
2503,REGENT SURVIVAL SOLUTIONS,4422,SINGLE CELL ADULT/CHILD LIFE VEST,RSS-301,,,REGENT
2504,REGENT SURVIVAL SOLUTIONS,4423,TWIN CELL ADULT/CHILD LIFE VEST,RSS-302,,,REGENT
2505,REGENT SURVIVAL SOLUTIONS,4424,UNIVERSAL SINGLE CELL LIFE VEST,RSS-303,,,REGENT
2506,RFD BEAUFORT LTD.,2787,Life Vest Type 102 Series,00002288,,,RFD
2507,RFD BEAUFORT LTD.,2788,Life Vest Type 102 Series,00002290,,,RFD
2508,ROCKWELL COLLINS - CEDAR RAPIDS,2184,Marker Beacon Antenna,522-0854-069,,,ROCKWELL
2509,ROCKWELL COLLINS - CEDAR RAPIDS,2185,Mount,622-1194-001,,,ROCKWELL
2510,ROCKWELL COLLINS - CEDAR RAPIDS,2186,Radio Altimeter Antenna,622-0954-001,,,ROCKWELL
2511,ROCKWELL COLLINS - CEDAR RAPIDS,2187,Automatic Antenna Coupler,622-6668-002,,,ROCKWELL
2512,ROCKWELL COLLINS - CEDAR RAPIDS,2188,Air Data Computer,622-9237-001,,,ROCKWELL
2513,ROCKWELL COLLINS - CEDAR RAPIDS,2189,ADF,622-7382-101,,,ROCKWELL
2514,ROCKWELL COLLINS - CEDAR RAPIDS,2190,ADF,622-2362-001,,,ROCKWELL
2515,ROCKWELL COLLINS - CEDAR RAPIDS,2191,Flight Director - Attitude Indicator,622-4912-001,,,ROCKWELL
2516,ROCKWELL COLLINS - CEDAR RAPIDS,2192,Flight Director Indicator,622-3594-017,,,ROCKWELL
2517,ROCKWELL COLLINS - CEDAR RAPIDS,2193,Attitude Heading Computer,622-6190-204,,,ROCKWELL
2518,ROCKWELL COLLINS - CEDAR RAPIDS,2194,Radio Altitude Indicator,622-2937-009,,,ROCKWELL
2519,ROCKWELL COLLINS - CEDAR RAPIDS,2195,CRT Display,622-9238-002,,,ROCKWELL
2520,ROCKWELL COLLINS - CEDAR RAPIDS,2196,Radio Altimeter Receiver-Transmitter,622-2855-001,,,ROCKWELL
2521,ROCKWELL COLLINS - CEDAR RAPIDS,2197,Weather Radar Antenna,622-2504-001,,,ROCKWELL
2522,ROCKWELL COLLINS - CEDAR RAPIDS,2198,ADF Antenna,622-7383-001,,,ROCKWELL
2523,ROCKWELL COLLINS - CEDAR RAPIDS,2199,ADF Antenna,622-7384-001,,,ROCKWELL
2524,ROCKWELL COLLINS - CEDAR RAPIDS,2200,Antenna,622-2363-001,,,ROCKWELL
2525,ROCKWELL COLLINS - CEDAR RAPIDS,2201,Autopilot Control Panel,622-6684-006,,,ROCKWELL
2526,ROCKWELL COLLINS - CEDAR RAPIDS,2202,Control Adapter,622-6590-001,,,ROCKWELL
2527,ROCKWELL COLLINS - CEDAR RAPIDS,2203,Transponder Control Adapter,622-7695-001,,,ROCKWELL
2528,ROCKWELL COLLINS - CEDAR RAPIDS,2204,Control and Compensation Unit,622-6135-001,,,ROCKWELL
2529,ROCKWELL COLLINS - CEDAR RAPIDS,2205,Course Heading Panel,622-6898-002,,,ROCKWELL
2530,ROCKWELL COLLINS - CEDAR RAPIDS,2206,VHF Control Head,622-6520-002,,,ROCKWELL
2531,ROCKWELL COLLINS - CEDAR RAPIDS,2207,HF Control Panel,622-6614-002,,,ROCKWELL
2532,ROCKWELL COLLINS - CEDAR RAPIDS,2208,Control Head,622-6521-009,,,ROCKWELL
2533,ROCKWELL COLLINS - CEDAR RAPIDS,2209,ADF Control Head,622-6522-001,,,ROCKWELL
2534,ROCKWELL COLLINS - CEDAR RAPIDS,2210,Transponder Control,622-6523-005,,,ROCKWELL
2535,ROCKWELL COLLINS - CEDAR RAPIDS,2211,Display Control Panel,622-8680-002,,,ROCKWELL
2536,ROCKWELL COLLINS - CEDAR RAPIDS,2212,DME,622-6263-003,,,ROCKWELL
2537,ROCKWELL COLLINS - CEDAR RAPIDS,2213,EFIS Display,622-9285-002,,,ROCKWELL
2538,ROCKWELL COLLINS - CEDAR RAPIDS,2214,Digital Radio Altitude Indicator,622-4160-015,,,ROCKWELL
2539,ROCKWELL COLLINS - CEDAR RAPIDS,2215,EFIS Display,622-6342-022,,,ROCKWELL
2540,ROCKWELL COLLINS - CEDAR RAPIDS,2216,Flight Control Panel,622-5798-013,,,ROCKWELL
2541,ROCKWELL COLLINS - CEDAR RAPIDS,2217,Flux Detector Unit,622-5812-001,,,ROCKWELL
2542,ROCKWELL COLLINS - CEDAR RAPIDS,2218,Course Indicator,622-4913-001,,,ROCKWELL
2543,ROCKWELL COLLINS - CEDAR RAPIDS,2219,DME  Indicator,622-6524-001,,,ROCKWELL
2544,ROCKWELL COLLINS - CEDAR RAPIDS,2220,DME  Indicator,622-7318-001,,,ROCKWELL
2545,ROCKWELL COLLINS - CEDAR RAPIDS,2221,Power Amplifier,622-6667-001,,,ROCKWELL
2546,ROCKWELL COLLINS - CEDAR RAPIDS,2222,Stand By RMI,622-2506-013,,,ROCKWELL
2547,ROCKWELL COLLINS - CEDAR RAPIDS,2223,Radio Magnetic Indicator,622-2506-008,,,ROCKWELL
2548,ROCKWELL COLLINS - CEDAR RAPIDS,2224,Receiver /Transmitter/Antenna,622-9301-001,,,ROCKWELL
2549,ROCKWELL COLLINS - CEDAR RAPIDS,2225,Receiver /Transmitter/Antenna,622-9302-001,,,ROCKWELL
2550,ROCKWELL COLLINS - CEDAR RAPIDS,2226,Receiver/Transmitter/Antenna,622-9303-003,,,ROCKWELL
2551,ROCKWELL COLLINS - CEDAR RAPIDS,2227,Receiver/Transmitter/Antenna,622-8439-001,,,ROCKWELL
2552,ROCKWELL COLLINS - CEDAR RAPIDS,2228,Receiver/Transmitter/Antenna,622-8440-001,,,ROCKWELL
2553,ROCKWELL COLLINS - CEDAR RAPIDS,2229,Receiver/Transmitter/Antenna,622-8441-001,,,ROCKWELL
2554,ROCKWELL COLLINS - CEDAR RAPIDS,2230,Servo Mount,622-5735-004,,,ROCKWELL
2555,ROCKWELL COLLINS - CEDAR RAPIDS,2231,Primary Servo,622-5734-002,,,ROCKWELL
2556,ROCKWELL COLLINS - CEDAR RAPIDS,2232,HF Transceiver,622-6557-011,,,ROCKWELL
2557,ROCKWELL COLLINS - CEDAR RAPIDS,2233,Transponder,622-1270-001,,,ROCKWELL
2558,ROCKWELL COLLINS - CEDAR RAPIDS,2234,Mode S Transponder,622-9352-002,,,ROCKWELL
2559,ROCKWELL COLLINS - CEDAR RAPIDS,2235,Mode S Transponder,622-9210-001,,,ROCKWELL
2560,ROCKWELL COLLINS - CEDAR RAPIDS,2236,VHF Comm Transceiver,622-6389-001,,,ROCKWELL
2561,ROCKWELL COLLINS - CEDAR RAPIDS,2237,VHF Comm Tranceiver,622-6389-002,,,ROCKWELL
2562,ROCKWELL COLLINS - CEDAR RAPIDS,2238,VHF Comm Transceiver,622-6389-011,,,ROCKWELL
2563,ROCKWELL COLLINS - CEDAR RAPIDS,2239,VHF Comm Transceiver,622-6389-012,,,ROCKWELL
2564,ROCKWELL COLLINS - CEDAR RAPIDS,2240,VHF Comm Transceiver,622-6390-001,,,ROCKWELL
2565,ROCKWELL COLLINS - CEDAR RAPIDS,2241,VHF Comm Transceiver,622-6390-002,,,ROCKWELL
2566,ROCKWELL COLLINS - CEDAR RAPIDS,2242,VHF Comm Transceiver,622-6152-002,,,ROCKWELL
2567,ROCKWELL COLLINS - CEDAR RAPIDS,2243,VHF Comm Transceiver,622-6152-011,,,ROCKWELL
2568,ROCKWELL COLLINS - CEDAR RAPIDS,2244,VHF Comm Transceiver,622-6152-012,,,ROCKWELL
2569,ROCKWELL COLLINS - CEDAR RAPIDS,2245,VHF Comm Transceiver,622-6153-001,,,ROCKWELL
2570,ROCKWELL COLLINS - CEDAR RAPIDS,2246,VHF Comm Transceiver,622-6153-002,,,ROCKWELL
2571,ROCKWELL COLLINS - CEDAR RAPIDS,2271,VHF Nav Receiver,622-6137-001,,,ROCKWELL
2572,ROCKWELL COLLINS - CEDAR RAPIDS,2272,Weather Radar Control Panel,622-9304-014,,,ROCKWELL
2573,ROCKWELL COLLINS - CEDAR RAPIDS,2273,Weather Radar Control Panel,622-9305-001,,,ROCKWELL
2574,ROCKWELL COLLINS - CEDAR RAPIDS,2274,Weather Radar Control Panel,622-9305-002,,,ROCKWELL
2575,ROCKWELL COLLINS - CEDAR RAPIDS,2275,Weather Radar Control Panel,622-9305-003,,,ROCKWELL
2576,ROCKWELL COLLINS - CEDAR RAPIDS,2276,Weather Radar Control Panel,622-9305-004,,,ROCKWELL
2577,ROCKWELL COLLINS - CEDAR RAPIDS,2277,Weather Radar Control Panel,622-7338-002,,,ROCKWELL
2578,ROCKWELL COLLINS - CEDAR RAPIDS,2278,Weather Radar Receiver -Trasmitter,622-7337-001,,,ROCKWELL
2579,ROCKWELL COLLINS - CEDAR RAPIDS,2279,VNI-80A Vertical Nav. Indicator,622-4185-001,,,ROCKWELL
2580,ROCKWELL COLLINS - CEDAR RAPIDS,2280,Vertical Nav. Indicator,622-4185-002,,,ROCKWELL
2581,ROCKWELL COLLINS - CEDAR RAPIDS,2281,Vertical Nav. Indicator,622-4185-003,,,ROCKWELL
2582,ROCKWELL COLLINS - CEDAR RAPIDS,2282,Vertical Nav. Indicator,622-4185-004,,,ROCKWELL
2583,ROCKWELL COLLINS - CEDAR RAPIDS,2283,Vertical Nav. Indicator,622-4185-005,,,ROCKWELL
2584,ROCKWELL COLLINS - CEDAR RAPIDS,2284,Vertical Nav. Indicator,622-4185-006,,,ROCKWELL
2585,ROCKWELL COLLINS - CEDAR RAPIDS,2285,Vertical Nav. Indicator,622-4185-007,,,ROCKWELL
2586,ROCKWELL COLLINS - CEDAR RAPIDS,2286,Vertical Nav. Indicator,622-4185-008,,,ROCKWELL
2587,ROCKWELL COLLINS - CEDAR RAPIDS,2287,Vertical Nav. Indicator,622-6382-001,,,ROCKWELL
2588,ROCKWELL COLLINS - CEDAR RAPIDS,2288,Vertical Nav. Indicator,622-6382-002,,,ROCKWELL
2589,ROCKWELL COLLINS - CEDAR RAPIDS,2289,Vertical Nav. Indicator,622-6382-003,,,ROCKWELL
2590,ROCKWELL COLLINS - CEDAR RAPIDS,2290,Vertical Nav. Indicator,622-6382-004,,,ROCKWELL
2591,ROCKWELL COLLINS - CEDAR RAPIDS,2291,Vertical Nav. Indicator,622-6382-005,,,ROCKWELL
2592,ROCKWELL COLLINS - CEDAR RAPIDS,2292,Vertical Nav. Indicator,622-6382-006,,,ROCKWELL
2593,ROCKWELL COLLINS - CEDAR RAPIDS,2293,Vertical Nav. Indicator,622-6382-007,,,ROCKWELL
2594,ROCKWELL COLLINS - CEDAR RAPIDS,2294,Vertical Nav. Indicator,622-6382-008,,,ROCKWELL
2595,ROCKWELL COLLINS - CEDAR RAPIDS,2295,Vertical Nav. Indicator,622-7689-001,,,ROCKWELL
2596,ROCKWELL COLLINS - CEDAR RAPIDS,2296,Vertical Nav. Indicator,622-7689-002,,,ROCKWELL
2597,ROCKWELL COLLINS - CEDAR RAPIDS,2297,Vertical Nav. Indicator,622-7689-003,,,ROCKWELL
2598,ROCKWELL COLLINS - CEDAR RAPIDS,2298,Vertical Nav. Indicator,622-7689-004,,,ROCKWELL
2599,ROCKWELL COLLINS - CEDAR RAPIDS,2299,Vertical Nav. Indicator,622-7689-005,,,ROCKWELL
2600,ROCKWELL COLLINS - CEDAR RAPIDS,2300,Vertical Nav. Indicator,622-7689-006,,,ROCKWELL
2601,ROCKWELL COLLINS - CEDAR RAPIDS,2301,Vertical Nav. Indicator,622-7689-007,,,ROCKWELL
2602,ROCKWELL COLLINS - CEDAR RAPIDS,2302,Vertical Nav. Indicator,622-7689-008,,,ROCKWELL
2603,ROCKWELL COLLINS - CEDAR RAPIDS,2303,Vertical Nav. Indicator,622-7690-001,,,ROCKWELL
2604,ROCKWELL COLLINS - CEDAR RAPIDS,2304,Vertical Nav. Indicator,622-7690-002,,,ROCKWELL
2605,ROCKWELL COLLINS - CEDAR RAPIDS,2305,Vertical Nav. Indicator,622-7690-003,,,ROCKWELL
2606,ROCKWELL COLLINS - CEDAR RAPIDS,2306,Vertical Nav. Indicator,622-7690-004,,,ROCKWELL
2607,ROCKWELL COLLINS - CEDAR RAPIDS,2307,Vertical Nav. Indicator,622-7690-005,,,ROCKWELL
2608,ROCKWELL COLLINS - CEDAR RAPIDS,2308,Vertical Nav. Indicator,622-7690-006,,,ROCKWELL
2609,ROCKWELL COLLINS - CEDAR RAPIDS,2309,Vertical Nav. Indicator,622-7690-007,,,ROCKWELL
2610,ROCKWELL COLLINS - CEDAR RAPIDS,2310,Vertical Nav. Indicator,622-7690-008,,,ROCKWELL
2611,ROCKWELL COLLINS - CEDAR RAPIDS,2311,Control Display Unit,622-5611-001,,,ROCKWELL
2612,ROCKWELL COLLINS - CEDAR RAPIDS,2312,Control Display Unit,622-5611-002,,,ROCKWELL
2613,ROCKWELL COLLINS - CEDAR RAPIDS,2313,Control Display Unit,622-5611-003,,,ROCKWELL
2614,ROCKWELL COLLINS - CEDAR RAPIDS,2314,Control Display Unit,622-5611-004,,,ROCKWELL
2615,ROCKWELL COLLINS - CEDAR RAPIDS,2315,Control Display Unit,622-5612-001,,,ROCKWELL
2616,ROCKWELL COLLINS - CEDAR RAPIDS,2316,Control Display Unit,622-5612-002,,,ROCKWELL
2617,ROCKWELL COLLINS - CEDAR RAPIDS,2317,Control Display Unit,622-5612-003,,,ROCKWELL
2618,ROCKWELL COLLINS - CEDAR RAPIDS,2318,Control Display Unit,622-5612-004,,,ROCKWELL
2619,ROCKWELL COLLINS - CEDAR RAPIDS,2319,Control Display Unit,622-5612-005,,,ROCKWELL
2620,ROCKWELL COLLINS - CEDAR RAPIDS,2320,Control Display Unit,622-5612-006,,,ROCKWELL
2621,ROCKWELL COLLINS - CEDAR RAPIDS,2321,Control Display Unit,622-5612-007,,,ROCKWELL
2622,ROCKWELL COLLINS - CEDAR RAPIDS,2322,Control Display Unit,622-5612-008,,,ROCKWELL
2623,ROCKWELL COLLINS - CEDAR RAPIDS,2323,Control Display Unit,622-5612-009,,,ROCKWELL
2624,ROCKWELL COLLINS - CEDAR RAPIDS,2324,Control Display Unit,622-5612-010,,,ROCKWELL
2625,ROCKWELL COLLINS - CEDAR RAPIDS,2325,Control Display Unit,622-5612-011,,,ROCKWELL
2626,ROCKWELL COLLINS - CEDAR RAPIDS,2326,Control Display Unit,622-5612-012,,,ROCKWELL
2627,ROCKWELL COLLINS - CEDAR RAPIDS,2327,Control Display Unit,622-5612-013,,,ROCKWELL
2628,ROCKWELL COLLINS - CEDAR RAPIDS,2328,Control Display Unit,622-5612-014,,,ROCKWELL
2629,ROCKWELL COLLINS - CEDAR RAPIDS,2329,Control Display Unit,622-5612-015,,,ROCKWELL
2630,ROCKWELL COLLINS - CEDAR RAPIDS,2330,Control Display Unit,622-5612-016,,,ROCKWELL
2631,ROCKWELL COLLINS - CEDAR RAPIDS,2331,Control Display Unit,622-5612-021,,,ROCKWELL
2632,ROCKWELL COLLINS - CEDAR RAPIDS,2332,Control Display Unit,622-5612-022,,,ROCKWELL
2633,ROCKWELL COLLINS - CEDAR RAPIDS,2333,Control Display Unit,622-5612-023,,,ROCKWELL
2634,ROCKWELL COLLINS - CEDAR RAPIDS,2334,Control Display Unit,622-5612-024,,,ROCKWELL
2635,ROCKWELL COLLINS - CEDAR RAPIDS,2335,Control Display Unit,622-5612-025,,,ROCKWELL
2636,ROCKWELL COLLINS - CEDAR RAPIDS,2336,Control Display Unit,622-5612-026,,,ROCKWELL
2637,ROCKWELL COLLINS - CEDAR RAPIDS,2337,Control Display Unit,622-5612-027,,,ROCKWELL
2638,ROCKWELL COLLINS - CEDAR RAPIDS,2338,Control Display Unit,622-5612-028,,,ROCKWELL
2639,ROCKWELL COLLINS - CEDAR RAPIDS,2339,Control Display Unit,622-5612-029,,,ROCKWELL
2640,ROCKWELL COLLINS - CEDAR RAPIDS,2340,Control Display Unit,622-5612-030,,,ROCKWELL
2641,ROCKWELL COLLINS - CEDAR RAPIDS,2341,Control Display Unit,622-5612-031,,,ROCKWELL
2642,ROCKWELL COLLINS - CEDAR RAPIDS,2342,Control Display Unit,622-5612-032,,,ROCKWELL
2643,ROCKWELL COLLINS - CEDAR RAPIDS,2343,Control Display Unit,622-5612-033,,,ROCKWELL
2644,ROCKWELL COLLINS - CEDAR RAPIDS,2344,Control Display Unit,622-5612-034,,,ROCKWELL
2645,ROCKWELL COLLINS - CEDAR RAPIDS,2345,Control Display Unit,622-5612-035,,,ROCKWELL
2646,ROCKWELL COLLINS - CEDAR RAPIDS,2346,Control Display Unit,622-5612-036,,,ROCKWELL
2647,ROCKWELL COLLINS - CEDAR RAPIDS,2347,Data Entry Unit,622-5613-001,,,ROCKWELL
2648,ROCKWELL COLLINS - CEDAR RAPIDS,2348,Computer Rec. Unit,622-5614-001,,,ROCKWELL
2649,ROCKWELL COLLINS - CEDAR RAPIDS,2349,Computer Rec. Unit,622-5614-002,,,ROCKWELL
2650,ROCKWELL COLLINS - CEDAR RAPIDS,2350,Computer Rec. Unit,622-5614-003,,,ROCKWELL
2651,ROCKWELL COLLINS - CEDAR RAPIDS,2351,Computer Rec. Unit,622-5614-004,,,ROCKWELL
2652,ROCKWELL COLLINS - CEDAR RAPIDS,2352,Auxiliary Equipment Unit,622-5615-001,,,ROCKWELL
2653,ROCKWELL COLLINS - CEDAR RAPIDS,2353,Auxiliary Equipment Unit,622-5615-002,,,ROCKWELL
2654,ROCKWELL COLLINS - CEDAR RAPIDS,2354,Auxiliary Equipment Unit,622-5615-003,,,ROCKWELL
2655,ROCKWELL COLLINS - CEDAR RAPIDS,2355,Auxiliary Equipment Unit,622-5615-004,,,ROCKWELL
2656,ROCKWELL COLLINS - CEDAR RAPIDS,2356,"Antenna, H-Field (b)",622-5496-001,,,ROCKWELL
2657,ROCKWELL COLLINS - CEDAR RAPIDS,2357,Antenna Coupler,622-5502-001,,,ROCKWELL
2658,ROCKWELL COLLINS - CEDAR RAPIDS,2358,Antenna Unit,622-5700-001,,,ROCKWELL
2659,ROCKWELL COLLINS - CEDAR RAPIDS,2359,"Antenna, H-Field (c)",622-5705-001,,,ROCKWELL
2660,ROCKWELL COLLINS - CEDAR RAPIDS,2360,"Antenna, E-Field",622-5692-001,,,ROCKWELL
2661,ROCKWELL COLLINS - CEDAR RAPIDS,2361,"Antenna Coupler,  ADF",622-5691-001,,,ROCKWELL
2662,ROCKWELL COLLINS - CEDAR RAPIDS,2362,"Antenna Coupler, E-Field",622-5693-001,,,ROCKWELL
2663,ROCKWELL COLLINS - CEDAR RAPIDS,2363,Display Processor Unit,622-8713-005,,,ROCKWELL
2664,ROCKWELL COLLINS - CEDAR RAPIDS,2364,Multifunction Processor Unit,622-8714-005,,,ROCKWELL
2665,ROCKWELL COLLINS - CEDAR RAPIDS,2365,Transponder Mode S,622-9210-002,,,ROCKWELL
2666,ROCKWELL COLLINS - CEDAR RAPIDS,2366,Transponder Mode S,622-9210-003,,,ROCKWELL
2667,ROCKWELL COLLINS - CEDAR RAPIDS,2383,DU-1000A,622-8047-541,,,ROCKWELL
2668,ROCKWELL COLLINS - CEDAR RAPIDS,4572,AIRCRAFT PERSONALITY MODULE APM-5000,822-2195-001,,,ROCKWELL
2669,ROCKWELL COLLINS - CEDAR RAPIDS,4573,DIGITAL SWITCHING MODULE - DSM-5110,822-2133-001,,,ROCKWELL
2670,ROCKWELL COLLINS - CEDAR RAPIDS,4574,EXTERNAL COMPENSATION UNIT ECU-3000 (-205 STATUS),822-1200-205,,,ROCKWELL
2671,ROCKWELL COLLINS - CEDAR RAPIDS,4575,DATA CONCENTRATOPR MODULE DCM-6000,822-2394-002,,,ROCKWELL
2672,ROCKWELL COLLINS - CEDAR RAPIDS,4576,COMMON COMPUTING MODULE CCM-5110,822-1991-002,,,ROCKWELL
2673,ROCKWELL COLLINS - CEDAR RAPIDS,4577,COVER AND ENVIRONMENTAL MODULE CEM-6000,822-2401-001,,,ROCKWELL
2674,ROCKWELL COLLINS - CEDAR RAPIDS,4578,ATTITUDE HEADING COMPUTER AHC-3000,822-1110-002,,,ROCKWELL
2675,ROCKWELL COLLINS - CEDAR RAPIDS,4579,POWER PRODUCING MODULE PPM-6000 (-002 STATUS),822-2395-002,,,ROCKWELL
2676,ROCKWELL COLLINS - CEDAR RAPIDS,4580,"TERRAIN AWARENESS AND WARNING SYSTEM MODULE, HIGH RESOLUTION - TAWS",822-2586-001,,,ROCKWELL
2677,ROCKWELL COLLINS - CEDAR RAPIDS,4581,SYNTHETIC VISION MODULE SVM-6110,822-2323-001,,,ROCKWELL
2678,ROCKWELL COLLINS - CEDAR RAPIDS,4583,COVER AND ENVIRONMENTAL MODULE CEM-6210,822-2405-101,,,ROCKWELL
2679,ROCKWELL COLLINS - CEDAR RAPIDS,4584,COMMON COMPUTING MODULE CCM-6210,822-2192-001,,,ROCKWELL
2680,ROCKWELL COLLINS - CEDAR RAPIDS,4585,INTEGRATED PROCESSING CABINET IPC-6230,822-2813-251,,,ROCKWELL
2681,ROCKWELL COLLINS - CEDAR RAPIDS,4586,INTEGRATED PROCESSING CABINET IPC-6210,822-2404-201,,,ROCKWELL
2682,ROCKWELL COLLINS - CEDAR RAPIDS,4587,POWER ENVIRONMENTAL MODULE PEM - 6210,822-2352-001,,,ROCKWELL
2683,ROCKWELL COLLINS - CEDAR RAPIDS,4594,COVER AND ENVIRONMENTAL MODULE CEM - 6230,822-2814-101,,,ROCKWELL
2684,ROCKWELL COLLINS - CEDAR RAPIDS,4652,DCU MODULE CABINET - DMC-6000,822-2403-261,,,ROCKWELL
2685,ROCKWELL COLLINS - CEDAR RAPIDS,4653,INPUT/OUTPUT MODULE - IOM-6500,822-2397-061,,,ROCKWELL
2686,ROCKWELL COLLINS - CEDAR RAPIDS,4654,FLIGHT CONTROL PANEL - FCP - 5070,822-2826-001,,,ROCKWELL
2687,ROCKWELL COLLINS - CEDAR RAPIDS,4655,INPUT / OUTPUT MODULE IOM-6000,822-2396-062,,,ROCKWELL
2688,ROCKWELL COLLINS - CEDAR RAPIDS,4673,INTEGRATED MODULAR AVIONICS TABLE - IMAT-6000 ,810-0181-1E0001,,,ROCKWELL
2689,ROCKWELL COLLINS - CEDAR RAPIDS,4887,Flight Control Panel,822-2826-011,,,ROCKWELL
2690,ROCKWELL COLLINS - CEDAR RAPIDS,4888,DCU Module Cabinet,822-2403-251,,,ROCKWELL
2691,ROCKWELL COLLINS - CEDAR RAPIDS,4889,Input/Output Module,822-2396-052,,,ROCKWELL
2692,ROCKWELL COLLINS - CEDAR RAPIDS,4890,Input/Output Module,822-2397-051,,,ROCKWELL
2693,ROCKWELL COLLINS - CEDAR RAPIDS,4894,IMAT-6000 Integrated Modular Avionics Table,810-0181-1F0001,,,ROCKWELL
2694,ROCKWELL COLLINS - CEDAR RAPIDS,4900,AFD-6520 Adaptative Flight Display ,822-2332-380/-480,,,ROCKWELL
2695,ROCKWELL COLLINS - CEDAR RAPIDS,4932,Onboard Maintenance System Table,810-0099-1E0004,,,ROCKWELL
2696,ROCKWELL COLLINS - CEDAR RAPIDS,4933,Flight Display System Application,810-0234-1E0012,,,ROCKWELL
2697,ROCKWELL COLLINS - CEDAR RAPIDS,4934,Integrated Modular Avionics Table,810-0181-1E0020,,,ROCKWELL
2698,ROSEMOUNT AEROSPACE INC.,1773,Smart Probe,2015G2H2H-( ),,,ROSEMOUNT
2699,ROSEMOUNT AEROSPACE INC.,2149,Angle of Attack Sensor,861CAB,,,ROSEMOUNT
2700,ROSEMOUNT AEROSPACE INC.,3912,Electrically Heated Pitot Static Tube,0851LP( ),,,ROSEMOUNT
2701,ROSEMOUNT AEROSPACE INC.,4208,Electrically Heated Pitot Static Tube,0856UT ( ),,,ROSEMOUNT
2702,ROSEMOUNT AEROSPACE INC.,4214,Air Data/Stall Protection Computer,2015L ( ),,,ROSEMOUNT
2703,ROSEMOUNT AEROSPACE INC.,4671,2015TB SMART PROBE,2015TB-( ),,,ROSEMOUNT
2704,ROSEMOUNT AEROSPACE INC.,4672,2015TC SMART PROBE,2015TC-( ),,,ROSEMOUNT
2705,SAFE FLIGHT INSTRUMENT CORPORATION,2467,Stall Warning Computer System,SY-105-( ),,,SAFE FLIGHT
2706,SAFE FLIGHT INSTRUMENT CORPORATION,3920,Stall Warning and Protection Computer,C-100106-1,,,SAFE FLIGHT
2707,SAFE FLIGHT INSTRUMENT CORPORATION,3921,Angle of Attack Sensor,C-100117-2,,,SAFE FLIGHT
2708,SCHROTH SAFETY PRODUCTS GMBH,4710,Restraint Model 1-07-() - 5-Point Automatic harness restraint system incl. strap,1-07-(),,,SCHROTH
2709,SCHROTH SAFETY PRODUCTS GMBH,4711,Restraint Model 1-08-() - 4-Point Automatic harness restraint system,1-08-(),,,SCHROTH
2710,SCHROTH SAFETY PRODUCTS GMBH,4712,Restraint Model 1-09-() - 4-Point Automatic harness restraint system incl. strap,1-09-(),,,SCHROTH
2711,SCHROTH SAFETY PRODUCTS GMBH,4713,Restraint Model 1-10-() - 3-Point Automatic harness restraint system,1-10-(),,,SCHROTH
2712,SENSOR SYSTEMS INC.,2508,VHF Antenna,S65-8280-18,,,SENSOR SYSTEMS
2713,SENSOR SYSTEMS INC.,2509,Marker Beacon Antenna,S65-1000-1,,,SENSOR SYSTEMS
2714,SENSOR SYSTEMS INC.,2510,L-Band Blade Antenna,S65-5366-2L,,,SENSOR SYSTEMS
2715,SENSOR SYSTEMS INC.,2511,L-Band Blade Antenna,S65-5366-119L,,,SENSOR SYSTEMS
2716,SENSOR SYSTEMS INC.,2512,Radio Altimeter Antenna,S67-2002,,,SENSOR SYSTEMS
2717,SENSOR SYSTEMS INC.,2513,Glide Slope Antenna,S41422-2,,,SENSOR SYSTEMS
2718,SENSOR SYSTEMS INC.,2514,GPS Antenna,S67-1575-16,,,SENSOR SYSTEMS
2719,SICMA AERO SEAT,2520,Pilot Seat,147-1611-00,,,SICMA
2720,SICMA AERO SEAT,2521,Co-pilot Seat,180(x)2-(xx)-(xx),,,SICMA
2721,SICMA AERO SEAT,3302,Pilot Seat,180(x)1-(xx)-(xx),,,SICMA
2722,SMITHS AEROSPACE ELECTRONIC SYSTEMS - CHELTENHAM,1412,Integrated Standby Indicator System,333MFD1-1,,,SMITHS CHELTENHAM
2723,S-TEC CORPORATION,2522,VHF-251A,01181-( ),,,S-TEC
2724,SWITLIK PARACHUTE COMPANY INC.,2523,Life Preserver,S-11150-( ),,,SWITLIK PARACHUTE
2725,SWITLIK PARACHUTE COMPANY INC.,2655,Life Preserver,S-10002-( ),,,SWITLIK PARACHUTE
2726,SWITLIK PARACHUTE COMPANY INC.,2819,Life Preserver,S-51100-( ),,,SWITLIK PARACHUTE
2727,SWITLIK PARACHUTE COMPANY INC.,3390,Life Preserver,S-61800-(  ),,,SWITLIK PARACHUTE
2728,SWITLIK PARACHUTE COMPANY INC.,3391,Life Preserver,S-61850-(  ),,,SWITLIK PARACHUTE
2729,SWITLIK PARACHUTE COMPANY INC.,3392,Life Preserver,S-51100-(  ),,,SWITLIK PARACHUTE
2730,SWITLIK PARACHUTE COMPANY INC.,3393,Life Preserver,S-51150-(  ),,,SWITLIK PARACHUTE
2731,SWITLIK PARACHUTE COMPANY INC.,4108,Life Preserver,S-51900-( ),,,SWITLIK PARACHUTE
2732,SWITLIK PARACHUTE COMPANY INC.,4109,Life Preserver,S-51950-( ),,,SWITLIK PARACHUTE
2733,TELEX COMUNICATIONS INC.,2524,Airman 750,64300-000-020,,,TELEX
2734,TELEX COMUNICATIONS INC.,2525,66T Dynamic Microphone,60837-023,,,TELEX
2735,THALES AVIONICS,1763,Electronic Standby Instrument,C16393( ),,,THALES
2736,THALES AVIONICS,4778,Inertial Reference System - IRS-1,C18438A( ),,,THALES
2737,TRIMBLE NAVIGATION LTD.,2526,GPS Navigation Display Unit,80822-10,,,TRIMBLE
2738,TRIMBLE NAVIGATION LTD.,2527,GPS Antenna,81194,,,TRIMBLE
2739,TRIMBLE NAVIGATION LTD.,2528,GPS Navigation System,81440-XX-0229,,,TRIMBLE
2740,TRIVEC - AVANT CORPORATION,2529,VHF COMM Antenna,17-50-01,,,TRIVEC
2741,TRIVEC - AVANT CORPORATION,2530,VHF COMM Antenna,18-50-01,,,TRIVEC
2742,TRIVEC - AVANT CORPORATION,2531,"NAV Antenna, Balance Loop",22-37-14,,,TRIVEC
2743,TRIVEC - AVANT CORPORATION,2532,Marker Beacon Antenna,31-10-01,,,TRIVEC
2744,TRIVEC - AVANT CORPORATION,2533,Ribbon Glide Slope Antenna,44-70-01,,,TRIVEC
2745,TRIVEC - AVANT CORPORATION,2534,DME/Transponder Antenna,56-80-01,,,TRIVEC
2746,"TRUE BLUE POWER, MIDCONTINENT INSTRUMENTS CO. INC.",4548,MD835 - EMERGENCY POWER SYSTEM,MD835-( ),,,TRUE BLUE POWER
2747,UNIVERSAL AVIONICS SYSTEMS CORPORATION,2545,Flight Management System,UNS-1A,,,UNIVERSAL AVIONICS
2748,UNIVERSAL AVIONICS SYSTEMS CORPORATION,2547,Configuration Module,10171,,,UNIVERSAL AVIONICS
2749,UNIVERSAL AVIONICS SYSTEMS CORPORATION,2548,GPS Antenna,10705,,,UNIVERSAL AVIONICS
2750,UNIVERSAL AVIONICS SYSTEMS CORPORATION,2549,DTU-100 Data Transfer Unit,1406-( ),,,UNIVERSAL AVIONICS
2751,UPS AVIATION TECHNOLOGIES INC.,1755,Apollo Audio Panel,SL15,,,UPS
2752,UPS AVIATION TECHNOLOGIES INC.,1756,Multifunction Display,MX 20,,,UPS
2753,UPS AVIATION TECHNOLOGIES INC.,1757,GPS Navigators Series,GX 50,,,UPS
2754,UPS AVIATION TECHNOLOGIES INC.,1758,GPS,GX 55,,,UPS
2755,UPS AVIATION TECHNOLOGIES INC.,1759,GPS,GX 60/65,,,UPS
2756,UPS AVIATION TECHNOLOGIES INC.,1761,Nav/Com,SL30,,,UPS
2757,UPS AVIATION TECHNOLOGIES INC.,1762,Transponder,SC 70 Mode C,,,UPS
2758,UTC AEROSPACE SYSTEMS,4843,SmartProbe Air Data Computer with Multi-Function Probe,2015TPA-( ),,,UTC
2759,UTC AEROSPACE SYSTEMS,4844,SmartProbe Air Data Computer with Multi-Function Probe,2015TPB-( ),,,UTC
2760,UTC AEROSPACE SYSTEMS,4853,Cargo Smoke Detector,475900-1,,,UTC
2761,UTC AEROSPACE SYSTEMS,4854,Ducted Smoke Detector,475910-1,,,UTC
2762,UTC AEROSPACE SYSTEMS,4855,Cabin Smoke Detector,475571-(),,,UTC
2763,UTC AEROSPACE SYSTEMS,4898,2015TMA Smartprobe Airdata computer ,2015TMA-( ),,,UTC
2764,UTC AEROSPACE SYSTEMS,4899,2015TMB Smartprobe Airdata computer,2015TMB-( ),,,UTC
2765,UTC AEROSPACE SYSTEMS,4906,Goodrich Evacuation System,104024-( ),,,UTC
2766,WEBER AIRCRAFT INC.,2552,Passenger Seat,4004-3-( ),,,WEBER
2767,WEBER AIRCRAFT INC.,2553,Passenger Seat,4004-2-( ),,,WEBER
2768,WEBER AIRCRAFT INC.,2554,Passenger Seat,7001-2-( ),,,WEBER
2769,WEBER AIRCRAFT INC.,2555,Passenger Seat,7001-3-( ),,,WEBER
2770,WEBER AIRCRAFT INC.,2556,Passenger Seat,8001-2-( ),,,WEBER
2771,WEBER AIRCRAFT INC.,2557,Passenger Seat,7501-2-( ),,,WEBER
2772,WEBER AIRCRAFT INC.,2558,Passenger Seat,7502-2-( ),,,WEBER
2773,WEBER AIRCRAFT INC.,2559,Passenger Seat,7502-3-( ),,,WEBER
2774,WEBER AIRCRAFT INC.,2560,Passenger Seat,8001-( ),,,WEBER
2775,WEBER AIRCRAFT INC.,2561,Passenger Seat,7003-( ),,,WEBER
2776,WEBER AIRCRAFT INC.,3559,Business Class Passenger Seat,-,,,WEBER
2777,WEBER AIRCRAFT INC.,3560,First  Class Passenger Seat,-,,,WEBER
2778,WHITTAKER SAFETY SYSTEM DIVISION,2583,Fire Detector,3601-( ),,,WHITTAKER
2779,WHITTAKER SAFETY SYSTEM DIVISION,2585,Fire Detector,3601-143-482,,,WHITTAKER
2780,WINSLOW LIFERAFT COMPANY,2776,Life Raft,69FASA-XXX-1-701,,,WINSLOW
2781,WINSLOW LIFERAFT COMPANY,2777,Life Raft,69FASA-XXX-1-702,,,WINSLOW
2782,WINSLOW LIFERAFT COMPANY,2778,Life Raft,1218FASA-XXX-1-701,,,WINSLOW
2783,WINSLOW LIFERAFT COMPANY,2779,Life Raft,1218FASA-XXX-1-702,,,WINSLOW
2784,ZODIAC AEROTECHNICS S.A.S.,4656,CREW OXYGEN MASK REGULATOR - MC 40,MC40-XXX[-Y],,,ZODIAC
2785,ZODIAC SEATS US,4917,Forward Facing Passenger Seat and bottom cushion assembly,4103( ),,,ZODIAC SEATS
2786,ZODIAC SEATS US,4918,Observer Seat,4110( ),,,ZODIAC SEATS
2787,ZODIAC SEATS US,4919,Forward Facing Passenger Seat and bottom cushion assembly ,4112( ),,,ZODIAC SEATS
2788,ZODIAC SEATS US,4920,Aft Facing Attendant Seat,4113( ),,,ZODIAC SEATS
2789,ZODIAC SEATS US,4921,Fwd Facing Attendant Seat,4114( ),,,ZODIAC SEATS
2790,ZODIAC SEATS US,4922,Forward Facing Passenger Seat and bottom cushion assembly,4119( ),,,ZODIAC SEATS
2791,ZODIAC SEATS US,4923,Forward Facing Passenger Seat and bottom cushion assembly,4140( ),,,ZODIAC SEATS
2792,ZODIAC SEATS US,4924,Aft Facing Attendant Seat,4146( ),,,ZODIAC SEATS
2793,ZODIAC SEATS US,4925,Forward Facing Passenger Seat and bottom cushion assembly ,4157( ),,,ZODIAC SEATS
2794,ZODIAC SEATS US,4926,Forward Facing Passenger Seat,4189( ),,,ZODIAC SEATS
